,time,angle,pressure,set_point,motor_speed,Filtered_angle
0,0.0465588000006391,-0.1,7.77,0.0,45,-0.09866978221283569
1,0.0947374000006675,-0.1,7.77,0.0,45,-0.10075768571994717
2,0.1406824999994569,-0.1,7.88,0.0,45,-0.09995180726036242
3,0.1877592000000731,-0.1,8.42,0.0,45,-0.0991941065010298
4,0.2336396000009699,-0.1,8.53,0.0,45,-0.10181020901124067
5,0.2962977000006503,-0.1,7.99,0.0,46,-0.0970319983313748
6,0.3434711000008974,-0.1,8.42,0.0,46,-0.10427975334773727
7,0.3892085000006773,-0.1,8.64,0.0,46,-0.09425716864737191
8,0.4378458000010141,-0.1,8.31,0.0,46,-0.10735118672299722
9,0.4991657000009581,-0.1,8.64,0.0,46,-0.09090488065283994
10,0.5463313000000198,-0.1,8.09,0.0,46,-0.11096113206125573
11,0.5946383999998943,-0.1,8.2,0.0,46,-0.08706810191576889
12,0.6418849000001501,-0.1,8.42,0.0,46,-0.11498636815706807
13,0.6870940999997401,-0.1,8.86,0.0,46,-0.08289995443191209
14,0.7341701000004832,-0.1,8.75,0.0,46,-0.11924545879732056
15,0.7805738000006386,-0.1,9.08,0.0,46,-0.0786071372528239
16,0.8293699999994715,-0.1,9.18,0.0,46,-0.12351120039382825
17,0.8766835999995237,-0.1,9.29,0.0,46,-0.07443064284881865
18,0.921215000000302,-0.1,9.29,0.0,46,-0.1275377402554388
19,0.967284100001052,-0.1,8.86,0.0,46,-0.07060978496349254
20,1.0144576000002417,0.7,8.09,0.0,46,0.6688937610600473
21,1.061191400000098,0.7,8.64,0.0,22,0.7326724625209952
22,1.1071926000004169,0.7,8.53,0.0,22,0.6659171251741185
23,1.1551667000003365,0.7,8.53,0.0,22,0.7353375191068382
24,1.2027164000010089,0.7,8.42,0.0,22,0.6635592468535856
25,1.2490214000008564,0.7,8.31,0.0,21,0.7373998360594752
26,1.3101834999997664,0.7,8.31,0.0,21,0.6617759491946343
27,1.3610270999997738,0.7,8.31,0.0,21,0.738924379269015
28,1.4036027000001925,0.7,8.42,0.0,21,0.6604862553978855
29,1.4506086000001233,-0.11,8.2,0.0,21,-0.06999235899661792
30,1.4995283000007475,-0.11,7.99,0.0,46,-0.15042439181020642
31,1.5439248000002408,-0.11,8.64,0.0,46,-0.06921591736733218
32,1.5903663000008237,-0.11,8.75,0.0,46,-0.15110617724730335
33,1.6374107999999978,-0.11,8.97,0.0,46,-0.06859321477915553
34,1.6853781000008894,-0.11,8.75,0.0,46,-0.15169635687631955
35,1.7314509000007092,-0.11,8.97,0.0,46,-0.06802199684078082
36,1.7794928999992408,-0.11,9.29,0.0,46,-0.1522464450899138
37,1.825365900000179,-0.11,9.18,0.0,46,-0.06751240276125042
38,1.87434519999988,-0.11,9.4,0.0,46,-0.15267878944582386
39,1.937620299999253,-0.11,8.86,0.0,46,-0.06721036929200372
40,1.9845332000004416,-0.11,9.18,0.0,46,-0.15278351864456505
41,2.03111010000066,-0.11,9.4,0.0,46,-0.06738020289299937
42,2.0766874000000826,-0.11,8.31,0.0,46,-0.152256563207114
43,2.121759499999825,-0.11,8.31,0.0,46,-0.06834587678502865
44,2.169319799999357,0.71,8.31,0.0,46,0.6692211004897786
45,2.2164284999998927,0.72,8.53,0.0,21,0.7596070055641961
46,2.2639331000009406,0.72,8.53,0.0,21,0.6818734853683088
47,2.3116434999992634,0.01,8.53,0.0,21,0.04633825173848383
48,2.3754399999997986,-0.07,8.53,0.0,44,-0.10425540943506827
49,2.4231469000005745,-0.07,8.53,0.0,44,-0.03809803519106105
50,2.4698114000002533,-0.07,8.42,0.0,45,-0.0993101511105004
51,2.51651370000036,-0.07,8.42,0.0,45,-0.04348220620047541
52,2.563614700000471,-0.07,8.31,0.0,45,-0.09356605540217226
53,2.609942000000956,-0.07,8.31,0.0,45,-0.049502357137376746
54,2.657885200000237,-0.07,8.31,0.0,45,-0.08735541637572523
55,2.705174299999271,-0.07,8.31,0.0,45,-0.055818644707546
56,2.751974599999812,-0.07,8.31,0.0,45,-0.0810158349183133
57,2.800022400000671,-0.07,8.2,0.0,45,-0.06210283310695562
58,2.8606815000002825,-0.07,8.2,0.0,45,-0.07486135533831692
59,2.90935349999927,-0.07,8.2,0.0,45,-0.06805797893296084
60,2.9573901999992813,-0.07,8.2,0.0,45,-0.06917044683463722
61,3.0033198000001,-0.07,8.09,0.0,45,-0.07342430215406917
62,3.050500600000305,-0.07,8.09,0.0,45,-0.06418477347621909
63,3.0989867000007507,-0.07,8.09,0.0,45,-0.07797725161281505
64,3.144283800000266,-0.07,7.99,0.0,45,-0.06011286388387238
65,3.191868300000351,-0.07,7.99,0.0,45,-0.08152346656324996
66,3.238534899999649,-0.07,7.88,0.0,45,-0.05713322975292323
67,3.2864587000003667,-0.07,7.88,0.0,45,-0.08389977540596391
68,3.333427999999913,-0.07,7.88,0.0,45,-0.05539215667618303
69,3.4113773999997647,-0.07,7.77,0.0,45,-0.08497959258196362
70,3.45945380000012,-0.07,7.77,0.0,45,-0.0549922689919761
71,3.5061138000000938,-0.07,7.77,0.0,45,-0.084690105962947
72,3.5562243000003946,-0.07,7.66,0.0,45,-0.055969021460237314
73,3.599635200000193,-0.07,7.66,0.0,45,-0.0830425220810693
74,3.645789500000319,-0.86,7.66,0.0,45,-0.8482536474917679
75,3.6926655000006576,-0.94,7.66,0.0,45,-0.9501743486744956
76,3.742165300000124,-0.94,7.66,0.0,71,-0.9316321146463127
77,3.7868608999997377,-0.94,7.55,0.0,71,-0.9463755545660251
78,3.83562080000047,-0.94,7.66,0.0,71,-0.9357497095546793
79,3.879021299999295,-0.94,7.55,0.0,71,-0.9420465265845706
80,3.9417721000008896,-0.94,7.88,0.0,71,-0.9401825321575832
81,3.986593999999968,-0.94,9.18,0.0,71,-0.9376124258910399
82,4.033624600000621,-0.94,8.75,0.0,71,-0.9445258144110683
83,4.095053200000621,-0.94,9.4,0.0,71,-0.9334363688329617
84,4.174729500000467,-0.13,8.64,0.0,49,-0.13847904468306038
85,4.235678600000028,-0.13,8.31,0.0,49,-0.11973669798160232
86,4.285840900000039,-0.13,9.18,0.0,47,-0.1419206351800185
87,4.343599699999686,-0.13,8.75,0.0,47,-0.11653377800820283
88,4.3903621999998,-0.13,8.75,0.0,47,-0.14492333922632208
89,4.443678300000101,-0.13,8.97,0.0,47,-0.11367949670238028
90,4.488963600000716,-0.13,8.75,0.0,47,-0.1476888147600837
91,4.534299500000998,-0.13,8.97,0.0,47,-0.11094047090819888
92,4.58124029999999,-0.13,9.08,0.0,47,-0.1504618753587926
93,4.62829629999942,-0.13,9.29,0.0,47,-0.10807885607964422
94,4.675140499999543,-0.13,9.08,0.0,47,-0.15345706434989603
95,4.72227759999987,-0.13,9.29,0.0,47,-0.10491750481739481
96,4.769563399999242,-0.13,9.4,0.0,47,-0.15680244790450748
97,4.816925000000992,-0.13,8.97,0.0,47,-0.10138653131426997
98,4.864943900000071,-0.13,9.4,0.0,47,-0.16050340263368182
99,4.9108771000010165,-0.13,8.53,0.0,47,-0.09754843331610893
100,4.957694700000502,-0.13,8.42,0.0,47,-0.1644293585331711
101,5.004848300000958,-0.13,8.42,0.0,47,-0.09359866987609834
102,5.051310099999682,-0.13,8.42,0.0,47,-0.1683267549847967
103,5.096885299999485,-0.13,8.53,0.0,47,-0.08983828089255405
104,5.158464399999502,0.65,8.86,0.0,26,0.6081384204623113
105,5.206319700000677,0.65,8.75,0.0,26,0.6933830780586755
106,5.253008600000612,0.65,8.75,0.0,23,0.6053147893955918
107,5.298894499999733,0.65,8.42,0.0,23,0.6957288777650636
108,5.346703100000013,0.65,8.53,0.0,23,0.6035237341799793
109,5.39575909999985,0.65,8.53,0.0,23,0.6968907190662489
110,5.456909399999859,0.65,8.53,0.0,23,0.6030626957640597
111,5.50162409999939,0.65,8.53,0.0,23,0.6965840779534969
112,5.548222600000372,0.65,8.31,0.0,23,0.6041959368597772
113,5.596280100000513,0.65,8.31,0.0,23,0.694577934716485
114,5.642137900000307,0.65,8.31,0.0,23,0.607102591070729
115,5.689274899999873,-0.36,8.42,0.0,50,-0.3192309157768096
116,5.736585500000729,0.51,8.42,0.0,50,0.47178245184947776
117,5.782849600000191,0.51,8.2,0.0,27,0.545285697844872
118,5.830372000000352,0.51,8.2,0.0,27,0.47796879172812395
119,5.875561500000913,0.51,8.2,0.0,27,0.5385203099731096
120,5.923703399999795,-0.27,8.2,0.0,27,-0.29482101144029366
121,5.969536300000982,-0.27,8.2,0.0,27,-0.2490024742599508
122,6.0330422000006365,-0.27,8.2,0.0,51,-0.2871069822585822
123,6.079247899999245,-0.27,8.09,0.0,51,-0.2568016319712449
124,6.126388900000165,-0.27,8.09,0.0,51,-0.2793127143738826
125,6.170412499999657,-0.27,7.99,0.0,51,-0.26451627115358123
126,6.232046799999807,-0.27,8.09,0.0,51,-0.27173862813439065
127,6.293226600000708,-0.27,7.99,0.0,51,-0.2719008867723422
128,6.340750999999727,-0.27,7.99,0.0,51,-0.26458242892428513
129,6.387051199999405,-0.27,7.88,0.0,51,-0.27879754902960463
130,6.435531299999639,-0.27,7.88,0.0,51,-0.2579707456819194
131,6.481223799999498,-0.27,7.88,0.0,51,-0.2851024512737847
132,6.53052469999966,-0.27,7.77,0.0,51,-0.2519926117940468
133,6.5750456000005215,-0.27,7.77,0.0,51,-0.2907341318681433
134,6.624512599999434,-0.27,7.77,0.0,51,-0.24672787030889792
135,6.672649800000727,-0.27,7.66,0.0,51,-0.2956100438458189
136,6.718453400000726,-0.27,7.77,0.0,51,-0.24226410151453143
137,6.765855800000281,-0.27,7.77,0.0,51,-0.29963757863635826
138,6.81297799999993,-0.27,7.66,0.0,51,-0.23869628384124697
139,6.8586329000008845,-0.27,7.55,0.0,51,-0.30272499497287475
140,6.905195299999832,-0.94,7.66,0.0,51,-0.9061042548677343
141,6.966315800000302,-1.02,7.66,0.0,74,-1.054815233138847
142,7.0274430999998,-1.02,7.55,0.0,74,-0.9845120499709735
143,7.074554900000294,-1.02,7.55,0.0,74,-1.0559230100814192
144,7.135767499999929,-1.02,8.09,0.0,74,-0.983866529752952
145,7.196696999999404,-1.02,8.09,0.0,74,-1.0561361224360892
146,7.243987699999707,-1.02,8.42,0.0,74,-0.9840481514026889
147,7.291459800000666,-0.23,9.18,0.0,74,-0.26560633524364075
148,7.343030899999576,-0.22,9.84,0.0,74,-0.18486960083652657
149,7.386662900000374,-0.22,9.18,0.0,50,-0.2545589926678156
150,7.434328800000003,-0.22,8.42,0.0,50,-0.18607110465118953
151,7.47926759999973,-0.22,8.31,0.0,50,-0.253276024150079
152,7.527607300000454,-0.22,8.31,0.0,50,-0.1873669074938126
153,7.573975999999675,-0.22,8.97,0.0,50,-0.2520277875954761
154,7.634279800000513,-0.22,9.4,0.0,50,-0.18851854623128567
155,7.682116399999359,-0.22,9.18,0.0,50,-0.2510082726876403
156,7.730727600001046,-0.22,8.53,0.0,50,-0.18938506879123984
157,7.777336499999365,-0.22,8.53,0.0,50,-0.2503007688643273
158,7.822071599999617,-0.22,8.53,0.0,50,-0.18994160217915473
159,7.869855000000825,-0.22,8.53,0.0,50,-0.24987478932721324
160,7.917025700000522,-0.22,9.51,0.0,50,-0.1902671782065788
161,7.96411260000059,-0.22,9.62,0.0,50,-0.24961328666951088
162,8.012747000000672,-0.22,9.73,0.0,50,-0.19050265085717205
163,8.055913399999554,0.69,9.62,0.0,50,0.6606307549627881
164,8.134676400000899,0.69,8.64,0.0,22,0.7192183469083818
165,8.180511700000352,0.69,8.86,0.0,22,0.6609604838274449
166,8.228327000000718,0.69,8.86,0.0,22,0.71883173919981
167,8.290903299999627,0.69,8.75,0.0,22,0.6614038737594093
168,8.337881800000105,0.69,8.86,0.0,22,0.7183341354289875
169,8.386449699999503,0.69,8.75,0.0,22,0.6619537650443955
170,8.433157800000117,0.69,8.64,0.0,22,0.717730999839508
171,8.478498599999511,0.69,8.64,0.0,22,0.6626153606824403
172,8.526284100000339,0.69,8.64,0.0,22,0.7170009504549996
173,8.572119099999327,0.69,8.53,0.0,22,0.6634283068603153
174,8.620070400000259,0.69,8.53,0.0,22,0.716087381122678
175,8.682720200000404,0.69,8.53,0.0,22,0.6644615168218467
176,8.728648000000248,0.69,8.53,0.0,22,0.7149170277494877
177,8.776976499999364,0.69,8.53,0.0,22,0.6657813963882225
178,8.824467700000241,-0.15,8.42,0.0,22,-0.1265554514932645
179,8.871395399999528,-0.15,8.42,0.0,22,-0.17260351781085587
180,8.917898100000457,-0.15,8.42,0.0,48,-0.12828857541998426
181,8.966260499999407,-0.15,8.42,0.0,48,-0.17078973929689859
182,9.013591999999337,-0.15,8.31,0.0,48,-0.1301368652382767
183,9.060594300000956,-0.15,8.31,0.0,48,-0.16895726124078508
184,9.108143900000869,-0.15,8.31,0.0,48,-0.1319031622585944
185,9.15554449999945,-0.15,8.2,0.0,48,-0.1673040456082047
186,9.201730900000255,-0.15,8.2,0.0,48,-0.1334027890588664
187,9.249388700000054,-0.15,8.31,0.0,48,-0.16598976299881127
188,9.296928199999456,-0.15,8.2,0.0,48,-0.13451054326391212
189,9.343424500000763,-0.15,8.09,0.0,48,-0.16509784887693546
190,9.390859499999353,-0.15,8.2,0.0,48,-0.13518998162871373
191,9.437714600000618,-0.15,8.09,0.0,48,-0.16461452364389356
192,9.48449729999993,-0.15,8.09,0.0,48,-0.13550640937678568
193,9.533562200000231,-0.15,8.09,0.0,48,-0.16442352704288604
194,9.580630500000552,-0.15,7.99,0.0,48,-0.13562464015892872
195,9.624883000000407,-0.15,7.99,0.0,48,-0.16431569355004016
196,9.673131900000952,-0.15,7.88,0.0,48,-0.13579221171759492
197,9.720759100000578,-0.15,7.88,0.0,48,-0.16401285620361156
198,9.76803420000033,-0.15,7.88,0.0,48,-0.13630842483211555
199,9.827554800000144,-0.15,7.88,0.0,48,-0.1632058174384447
200,9.875271500000965,-0.15,7.77,0.0,48,-0.13747940991620844
201,9.922430000000531,-0.15,7.77,0.0,48,-0.1616061817344966
202,9.9694283000008,-0.15,7.77,0.0,48,-0.13955949208013063
203,10.01787300000069,-0.15,7.66,0.0,48,-0.1590116442310366
204,10.065116699999637,-0.93,7.77,0.0,71,-0.9226796521939754
205,10.11206780000066,-0.93,7.77,0.0,71,-0.9353818078679403
206,10.159213400000226,-0.93,7.66,0.0,71,-0.9267743231659116
207,10.205576300000756,-0.93,7.66,0.0,71,-0.930894356447371
208,10.253502900000967,-0.93,7.66,0.0,71,-0.9315595634538986
209,10.300468100000217,-0.93,7.88,0.0,71,-0.9259239955691536
210,10.34788970000045,-0.93,8.86,0.0,71,-0.9365900867141724
211,10.395257399999537,-0.93,8.64,0.0,71,-0.9209651591077288
212,10.44222609999997,-0.93,9.51,0.0,71,-0.941343981556206
213,10.489957600000707,-0.93,8.31,0.0,72,-0.9165452196191353
214,10.536227900000084,-0.93,8.2,0.0,72,-0.9453110750753388
215,10.583406100000502,-0.93,8.75,0.0,72,-0.9131335513859387
216,10.641730900000766,0.04,8.53,0.0,72,0.021912620283944598
217,10.686902200000986,0.04,8.42,0.0,72,0.05895547027085535
218,10.733007099999668,0.04,9.4,0.0,42,0.020532379525514573
219,10.780960300000515,0.04,8.31,0.0,42,0.059634170034612716
220,10.827918700000737,0.04,8.75,0.0,42,0.02052382887804024
221,10.877326800000446,0.04,8.64,0.0,42,0.05902272297949327
222,10.939747300000818,0.04,8.53,0.0,42,0.021691398542035976
223,10.985647999999856,0.04,8.86,0.0,42,0.05737218140003492
224,11.0454907000003,0.04,8.64,0.0,42,0.023746354632505837
225,11.091779700000188,0.04,8.2,0.0,42,0.05499346828347983
226,11.13867620000019,0.04,8.75,0.0,42,0.02636883579776802
227,11.18685860000005,0.04,8.53,0.0,42,0.052204278653268744
228,11.23643280000033,0.04,9.08,0.0,42,0.02925239215751789
229,11.281396000000314,0.04,8.53,0.0,42,0.04929262441764905
230,11.328817300000082,0.04,8.64,0.0,42,0.032132911507101
231,11.37765650000074,0.04,8.53,0.0,42,0.046494822136308976
232,11.426036200000452,0.04,8.53,0.0,42,0.03480437449141908
233,11.486676300000909,0.04,8.86,0.0,42,0.043985313244090815
234,11.530273899999884,0.04,8.31,0.0,42,0.03712414956978453
235,11.577231799999936,0.04,8.64,0.0,42,0.041875568606942984
236,11.637659500000154,0.04,8.09,0.0,42,0.03901055648311358
237,11.699735899999723,0.04,8.53,0.0,42,0.04021941782831372
238,11.746839999999793,0.04,8.75,0.0,42,0.04043524632386764
239,11.79365400000097,0.04,8.53,0.0,42,0.03902240156740233
240,11.842194299999392,0.04,8.09,0.0,42,0.04141262606688447
241,11.906356499999674,0.04,8.53,0.0,42,0.03825311333609516
242,11.95394099999976,0.04,8.97,0.0,42,0.041988152969159934
243,11.999804400000356,0.04,8.53,0.0,42,0.03785492118543188
244,12.047150800000963,0.04,8.97,0.0,42,0.04222689040578614
245,12.093366099999912,0.04,8.53,0.0,42,0.03775689311412618
246,12.153194599999551,0.04,8.86,0.0,42,0.042203292666341534
247,12.201248699999269,0.04,8.2,0.0,42,0.037883157122319426
248,12.24704120000024,0.04,8.64,0.0,42,0.041992802294486715
249,12.294139800000266,0.04,8.53,0.0,42,0.03816028276368748
250,12.34037730000091,0.04,8.86,0.0,42,0.04166551923222598
251,12.387867999999798,0.04,8.53,0.0,42,0.03852256134023879
252,12.434723399999712,0.04,9.18,0.0,42,0.0412819461202977
253,12.479901799999425,0.04,8.53,0.0,42,0.03891528101610843
254,12.528355800001007,0.04,8.97,0.0,42,0.040890630316854845
255,12.59257290000096,0.04,8.53,0.0,42,0.03929624271632926
256,12.63521639999999,0.04,8.75,0.0,42,0.04052740607933316
257,12.682426499999565,0.04,8.53,0.0,42,0.039635849513100514
258,12.729242100000192,0.04,9.08,0.0,42,0.0402158812560283
259,12.776134899999306,0.04,8.42,0.0,42,0.03991613635002787
260,12.822111400000722,0.04,9.08,0.0,42,0.039968800699890714
261,12.86970250000013,0.04,8.53,0.0,42,0.04012910007384766
262,12.915515400000004,0.04,7.99,0.0,42,0.03978994152704859
263,12.962143200000355,0.04,8.53,0.0,42,0.040274653712444645
264,13.008711599999517,0.04,8.09,0.0,42,0.03967624171690713
265,13.05496099999982,0.04,8.53,0.0,42,0.04035847482268511
266,13.124302100000932,0.04,8.09,0.0,42,0.03961992301166173
267,13.163892399999895,0.04,8.53,0.0,42,0.040389955089036124
268,13.210295799999583,0.04,8.97,0.0,42,0.03961043297923892
269,13.273297199999432,0.04,8.53,0.0,42,0.04038039484847202
270,13.32024629999978,0.04,8.97,0.0,42,0.03963609279833527
271,13.367885800000296,0.04,8.64,0.0,42,0.04034152749441034
272,13.414686000000074,0.04,8.86,0.0,42,0.03968539215296131
273,13.462882300000274,0.04,8.53,0.0,42,0.040284408474876174
274,13.509631500000978,0.04,8.97,0.0,42,0.03974791778095815
275,13.557201199999326,0.04,8.42,0.0,42,0.04021866382422552
276,13.60524339999938,0.04,8.64,0.0,42,0.03981493648271832
277,13.652990799999316,0.04,8.53,0.0,42,0.040152064406790894
278,13.701451799999631,0.04,9.18,0.0,42,0.0398796767942779
279,13.749178800000664,0.04,8.53,0.0,42,0.04009037377512112
280,13.794050900000002,0.04,9.18,0.0,42,0.03993736700553863
281,13.842435700000353,0.04,8.53,0.0,42,0.04003740848202771
282,13.89048290000028,0.04,7.99,0.0,42,0.039985092285373156
283,13.936881300000096,0.04,8.53,0.0,42,0.039995248128264105
284,13.98370260000047,0.04,9.08,0.0,42,0.040021532181443206
285,14.031141699999353,0.04,8.53,0.0,42,0.03996453650005169
286,14.10964419999982,0.04,8.42,0.0,42,0.04004663357407878
287,14.156085599999642,0.04,8.86,0.0,42,0.03994482301252096
288,14.202797199999624,0.04,8.53,0.0,42,0.04006126504403533
289,14.250025800000005,0.04,9.08,0.0,42,0.03993490366933042
290,14.296648400000777,0.04,8.53,0.0,42,0.04006688809136063
291,14.34347709999929,0.04,9.08,0.0,42,0.039933131492776115
292,14.424517699999342,0.04,8.42,0.0,42,0.04006526994337279
293,14.468991300000198,0.04,8.64,0.0,42,0.03993767680760417
294,14.532380300001025,0.04,8.2,0.0,42,0.04005825271678492
295,14.577560699999594,0.04,8.53,0.0,42,0.03994672713137722
296,14.640368399999716,0.04,8.09,0.0,42,0.04004758504426296
297,14.686903600000733,0.04,8.64,0.0,42,0.03995862428546587
298,14.733571299999312,0.04,8.86,0.0,42,0.04003481525702389
299,14.782132599999386,0.04,8.42,0.0,42,0.03997194249393666
300,14.828525200000511,0.04,8.86,0.0,42,0.04002123992791964
301,14.876025800000209,0.04,8.53,0.0,42,0.03998551567682208
302,14.922956599999452,0.04,8.97,0.0,42,0.04000789795510705
303,14.984560999999305,0.04,8.64,0.0,42,0.03999842499828255
304,15.03090340000017,0.04,8.75,0.0,42,0.03999559822999589
305,15.077245200000108,0.04,8.53,0.0,42,0.04000995920677173
306,15.123075100000278,0.04,8.09,0.0,42,0.03998496805619671
307,15.171321899999384,0.04,8.53,0.0,42,0.04001956064180636
308,15.219191599999249,0.04,7.99,0.0,42,0.039976509630082986
309,15.265052599999764,0.04,8.53,0.0,42,0.04002676921105799
310,15.327215700001034,0.04,8.09,0.0,42,0.03997065284203925
311,15.37393189999966,0.04,8.42,0.0,42,0.04003117535902063
312,15.42005319999953,0.04,8.86,0.0,42,0.03996779423672089
313,15.467053399999712,0.04,8.53,0.0,42,0.040032391203181174
314,15.51428020000094,0.04,9.18,0.0,42,0.039968314057635734
315,15.56023339999956,0.04,8.53,0.0,42,0.040030046703613056
316,15.607194399999573,0.04,8.86,0.0,42,0.039972565820718245
317,15.65448219999962,0.04,8.42,0.0,42,0.04002381501296836
318,15.702246299999388,0.04,8.97,0.0,42,0.039980835772931655
319,15.749110099999598,0.04,8.42,0.0,42,0.04001346805610125
320,15.796256699999503,0.04,8.97,0.0,42,0.03999327286950805
321,15.843226000000868,0.04,8.42,0.0,42,0.039998959939926894
322,15.89037339999959,0.04,8.64,0.0,42,0.04000979351032701
323,15.934969199999614,0.04,8.2,0.0,42,0.039980532047560934
324,15.981637200000478,0.04,8.75,0.0,42,0.04002996913602654
325,16.029470900000888,0.04,8.53,0.0,42,0.03995882973246672
326,16.077722500000164,0.04,9.08,0.0,42,0.04005290875502268
327,16.126572999999553,0.04,8.42,0.0,42,0.03993501658336304
328,16.169927299999472,0.04,8.75,0.0,42,0.04007715232121127
329,16.217497199999343,0.04,8.42,0.0,42,0.039910868562733334
330,16.26409109999986,0.04,8.86,0.0,42,0.04010059427125481
331,16.310858700000608,0.04,8.53,0.0,42,0.039888827323115675
332,16.35780429999977,0.04,9.08,0.0,42,0.0401204590139904
333,16.403844599999502,0.04,8.42,0.0,42,0.039871990172913055
334,16.449566799999957,0.04,8.2,0.0,42,0.0401333511998428
335,16.5109623999997,0.04,8.53,0.0,42,0.039864014078329596
336,16.558464300000196,0.04,9.18,0.0,42,0.04013540257587733
337,16.636883099999977,0.04,8.42,0.0,42,0.03986891337503023
338,16.7145445999995,0.04,8.53,0.0,42,0.04012253352737576
339,16.76173310000013,0.04,8.75,0.0,42,0.03989073612911474
340,16.808901700000206,0.04,8.42,0.0,42,0.04009084045145572
341,16.87122889999955,0.04,9.18,0.0,42,0.039933112838115056
342,16.918756900000517,0.04,8.42,0.0,42,0.0400371094836064
343,16.964878700000554,0.04,8.86,0.0,42,0.039998683702815487
344,17.013433800000712,0.04,8.31,0.0,42,0.03995944264391976
345,17.074740199999724,0.04,8.53,0.0,42,0.040088427016423456
346,17.121252700000696,0.04,7.99,0.0,42,0.039857964403199955
347,17.168248399999356,0.04,8.53,0.0,42,0.04020093085878209
348,17.213853700000982,0.04,9.08,0.0,42,0.03973555570180164
349,17.26120339999943,0.04,8.53,0.0,42,0.040331672250600095
350,17.308095800000956,0.04,9.08,0.0,42,0.03959853989541998
351,17.35603640000045,0.04,8.53,0.0,42,0.04047239057853269
352,17.402814099999887,0.04,8.75,0.0,42,0.039457222929913695
353,17.449309900001026,0.04,8.53,0.0,42,0.0406106631233858
354,17.49573910000072,0.04,8.97,0.0,42,0.03932617092626924
355,17.542645800000173,0.04,8.53,0.0,42,0.04072980691774019
356,17.590043700000024,0.04,9.18,0.0,42,0.039224095583789524
357,17.63652060000095,0.04,8.53,0.0,42,0.040809239362240235
358,17.682424000000537,0.04,9.08,0.0,42,0.03917321516465215
359,17.73005329999978,0.04,8.53,0.0,42,0.040825426109906436
360,17.776524299999437,0.04,9.08,0.0,42,0.03919797030949415
361,17.823247599999377,0.04,8.53,0.0,42,0.040753524705749895
362,17.87020180000036,0.04,8.09,0.0,42,0.039323003395684425
363,17.9180094000003,0.04,8.53,0.0,42,0.04056979276269033
364,17.96567160000086,0.04,8.09,0.0,42,0.039570360766041174
365,18.011137900000904,0.04,8.64,0.0,42,0.04025476744384128
366,18.05724440000085,0.04,8.2,0.0,42,0.03995595082199692
367,18.10462109999935,0.04,8.75,0.0,42,0.0397971377093293
368,18.151302700000087,0.04,8.97,0.0,42,0.04048538760683101
369,18.198016700000156,0.04,8.53,0.0,42,0.03919812352230805
370,18.24511379999967,0.04,8.09,0.0,42,0.041149466306448744
371,18.292016299999887,0.04,8.53,0.0,42,0.038476051408367684
372,18.353981199999907,0.04,9.18,0.0,42,0.04191964787267292
373,18.401437599999557,0.04,8.53,0.0,42,0.0376706815403727
374,18.449629099999584,0.04,9.18,0.0,42,0.04274406457733377
375,18.495133300000816,0.04,8.53,0.0,42,0.036846710140905695
376,18.55681000000004,0.04,8.97,0.0,42,0.04354468231872595
377,18.604525900000223,0.04,8.09,0.0,42,0.036095759012280515
378,18.6508087000002,0.04,8.64,0.0,42,0.04421635030082881
379,18.69774150000012,0.04,8.2,0.0,42,0.03553609197692312
380,18.758856000000375,0.04,8.64,0.0,42,0.04462851200875655
381,18.807007800000065,0.04,8.31,0.0,42,0.03530928965541531
382,18.855123299999832,0.04,8.75,0.0,42,0.044630318432790764
383,18.90091129999928,0.04,8.09,0.0,42,0.0355731947034589
384,18.94761970000036,0.04,8.64,0.0,42,0.04405974982450796
385,18.99461569999949,0.04,8.2,0.0,42,0.0364906341967658
386,19.05602759999965,0.04,8.64,0.0,42,0.04275709241074066
387,19.102815800000823,0.04,8.97,0.0,42,0.03821375563497313
388,19.16341830000056,0.04,8.64,0.0,42,0.040582713147119455
389,19.224554700000223,0.04,8.86,0.0,42,0.04086429233056286
390,19.272225299999263,0.04,8.42,0.0,42,0.0374385194655624
391,19.3201396000004,0.04,8.64,0.0,42,0.04451070602333021
392,19.366361099999267,0.04,8.53,0.0,42,0.03329178585357922
393,19.414592600000105,0.04,8.97,0.0,42,0.04914392755616946
394,19.46119910000016,0.04,8.42,0.0,42,0.028199195863940284
395,19.509715599999254,0.04,8.75,0.0,42,0.05465429964707723
396,19.556750899999315,0.04,8.09,0.0,42,0.02232802805956753
397,19.60409790000085,0.04,8.64,0.0,42,0.06081326686241547
398,19.651198400000798,0.04,8.42,0.0,42,0.015970471122026673
399,20.718383800000083,0.04,9.18,60.0,42,0.0672642818445872
400,20.76555019999978,0.04,8.53,60.0,42,0.009546172843501552
401,20.82602399999996,0.04,10.82,60.0,255,0.07352820753116641
402,20.873444599999857,0.04,13.11,60.0,255,0.003587415090278892
403,20.921609200000603,0.04,14.09,60.0,255,0.07902908018542651
404,20.968783000000258,1.27,12.24,60.0,255,1.228701171619082
405,21.01560659999996,3.0,13.76,60.0,255,3.043143534212439
406,21.062477200001013,3.97,13.33,60.0,255,3.9255134805876124
407,21.10929690000012,4.07,15.18,60.0,255,4.115254452707509
408,21.15710450000006,4.83,13.22,60.0,255,4.78461998698769
409,21.205316499999757,5.87,14.42,60.0,255,5.9148042626179524
410,21.251980600000024,6.95,15.62,60.0,255,6.906521629411405
411,21.29830690000017,7.91,14.85,60.0,255,7.951365516943252
412,21.34672169999976,9.09,14.31,60.0,255,9.051556644344425
413,21.390961900000548,9.85,15.4,60.0,255,9.88470667845635
414,21.43770910000057,11.72,16.27,60.0,255,11.689830401677304
415,21.4838366999993,12.89,15.07,60.0,255,12.914866250502046
416,21.529686899999437,13.74,16.16,60.0,255,13.721150611159391
417,21.577491800000644,14.84,16.05,60.0,255,14.852187642888131
418,21.62378720000015,16.0,18.23,60.0,255,15.995037104427151
419,21.67217709999932,17.17,17.36,60.0,255,17.167268379847798
420,21.718810500000476,18.57,17.14,60.0,255,18.580792862720504
421,21.76602620000085,19.73,16.71,60.0,255,19.71089028776534
422,21.814404700000523,20.7,17.25,60.0,255,20.727565262114275
423,21.86085930000081,21.82,19.32,60.0,255,21.783960380024265
424,21.90691150000021,23.69,16.92,60.0,255,23.734413048241034
425,21.955053800000314,25.52,17.8,60.0,255,25.467430090849515
426,22.001565000000483,25.6,17.58,60.0,255,25.660403660522544
427,22.04962490000071,26.79,17.58,60.0,255,26.722178668389745
428,22.096412999999306,27.95,18.23,60.0,255,28.024745453710985
429,22.143297900000107,29.07,20.3,60.0,255,28.988886350838264
430,22.1902824000008,30.37,17.8,60.0,255,30.456877813283846
431,22.238535099999357,33.19,20.08,60.0,255,33.097995998571356
432,22.2851412,34.4,18.23,60.0,255,34.49647200293087
433,22.332828200000225,35.56,18.67,60.0,255,35.45972727597128
434,22.38011700000061,37.03,18.78,60.0,255,37.13340338618393
435,22.42672929999935,38.4,18.67,60.0,255,38.29413731783593
436,22.4730481000006,39.57,19.21,60.0,255,39.677647603939526
437,22.51902230000087,40.95,21.28,60.0,255,40.84124795536048
438,22.565235899999607,41.73,18.67,60.0,255,41.83916654418459
439,22.61183759999949,43.85,20.08,60.0,255,43.74112169020156
440,22.65904650000084,45.91,18.99,60.0,255,46.01787049201228
441,22.70633430000089,47.06,20.19,60.0,255,46.95387925867174
442,22.753046800000448,48.65,21.17,60.0,255,48.75360088023394
443,22.799811599999884,50.15,19.43,60.0,255,50.04972043108775
444,22.84704260000035,51.11,21.07,60.0,255,51.20612801138789
445,22.89371299999948,52.45,19.65,60.0,255,52.358872612638166
446,22.94174229999953,53.46,19.87,60.0,255,53.54527678025951
447,22.987999700000728,55.79,19.98,60.0,251,55.71139910344438
448,23.03468710000016,56.68,19.76,60.0,251,56.75115660446215
449,23.081460699999298,59.46,19.98,60.0,182,59.396963343682636
450,23.128347899999422,60.39,19.76,60.0,182,60.44436897533562
451,23.174404499999586,61.6,19.87,60.0,182,61.55468918526368
452,23.238444900000104,62.36,19.98,60.0,74,62.39603871991212
453,23.284344100000453,62.45,19.98,60.0,74,62.42326356228144
454,23.33166320000055,63.35,20.08,60.0,49,63.36758299441314
455,23.37934789999963,63.35,19.98,60.0,49,63.341257233867125
456,23.42716440000004,63.35,19.98,60.0,21,63.35035849793398
457,23.47356910000053,63.35,19.98,60.0,21,63.35745319389291
458,23.52179520000027,63.35,19.98,60.0,21,63.335394866539914
459,23.568714799999725,62.23,19.87,60.0,21,62.25104240500394
460,23.61657379999997,62.23,19.87,60.0,54,62.203256052215
461,23.664591400000063,62.23,19.87,60.0,54,62.26172170357505
462,23.757682299999946,62.23,19.87,60.0,54,62.1939825856098
463,23.804903399999603,61.36,19.87,60.0,54,61.399698281307394
464,23.854966299999436,61.36,19.76,60.0,80,61.31714820183477
465,23.89778020000085,61.36,19.87,60.0,80,61.40557905867906
466,23.944327299999717,61.36,19.87,60.0,80,61.31201340606927
467,23.9911759000006,61.36,19.76,60.0,80,61.41017782302182
468,24.036806600001,60.49,19.87,60.0,106,60.43775480674218
469,24.083996900000784,60.49,19.87,60.0,106,60.544264081335115
470,24.13210380000055,60.49,19.76,60.0,106,60.433710476407775
471,24.209961599999588,60.49,19.76,60.0,106,60.54835580761719
472,24.259416700000656,60.49,19.76,60.0,106,60.42952207715698
473,24.305946500000573,59.8,19.76,60.0,106,59.86265391040351
474,24.35170640000069,59.73,19.65,60.0,129,59.66513270211668
475,24.398930200000905,59.73,19.65,60.0,129,59.7970888979263
476,24.445078799999465,59.73,19.76,60.0,129,59.660721913215255
477,24.49163249999947,59.73,19.65,60.0,129,59.801384415972414
478,24.53911320000043,59.73,19.65,60.0,129,59.656649836956504
479,24.585998599999584,58.76,19.54,60.0,158,58.83511372114888
480,24.633254899999883,58.76,19.65,60.0,158,58.683387079890856
481,24.67933169999924,58.76,19.54,60.0,158,58.837787155690805
482,24.725439100000585,58.76,19.65,60.0,158,58.68142164679538
483,24.77238570000009,57.99,19.65,60.0,181,58.06893175707575
484,24.833241100001032,57.99,19.65,60.0,181,57.91120324630961
485,24.880905500000157,57.99,19.54,60.0,182,58.068127054548484
486,24.92684030000055,57.99,19.54,60.0,182,57.91311975547875
487,24.97277170000052,57.99,19.65,60.0,182,58.065017607513624
488,25.02350280000064,57.99,19.43,60.0,182,57.91749504923035
489,25.0676612999996,57.99,20.19,60.0,182,58.05931459139559
490,25.143884099999923,58.88,19.65,60.0,182,58.814571735103414
491,25.192056500000035,59.81,19.87,60.0,128,59.87084029223311
492,25.241563800000225,60.74,19.54,60.0,128,60.68443943779151
493,25.285840099999405,60.84,19.76,60.0,128,60.88961751478714
494,25.33253280000099,61.62,19.54,60.0,96,61.57693908213758
495,25.38060360000054,61.7,20.74,60.0,96,61.73596349490523
496,25.42612469999949,62.56,19.76,60.0,45,62.53157930891436
497,25.4736226999994,62.56,19.87,60.0,45,62.58054830075623
498,25.5215733999994,62.56,19.76,60.0,44,62.547522119669374
499,25.568910199999664,62.56,19.76,60.0,44,62.56435045574657
500,25.61569910000071,61.76,19.87,60.0,68,61.76369027249665
501,25.66230329999962,61.76,19.76,60.0,68,61.74849621099046
502,25.710502899999483,61.76,19.65,60.0,68,61.7789566549836
503,25.756524500000523,61.76,19.76,60.0,68,61.73407544784167
504,25.804179799999478,61.76,19.76,60.0,68,61.79229354712692
505,25.851081400000112,61.76,19.65,60.0,68,61.72203855166436
506,25.89800970000033,61.76,19.76,60.0,68,61.80283955055778
507,25.94456490000084,61.76,19.65,60.0,68,61.71314513745605
508,25.99138540000058,60.86,19.76,60.0,68,60.90995268917435
509,26.039449399999285,60.86,19.65,60.0,94,60.80790121399894
510,26.085737900000822,60.86,19.65,60.0,94,60.9132800772849
511,26.13356390000081,60.86,19.65,60.0,94,60.806496015748586
512,26.183264999999665,60.86,19.65,60.0,94,60.91279746539813
513,26.24472699999933,60.86,19.65,60.0,94,60.80879335762404
514,26.290112099999533,60.03,19.65,60.0,117,60.078797031790415
515,26.337086499999717,60.03,19.65,60.0,117,59.98434641623367
516,26.384926799999448,60.03,19.65,60.0,119,60.07187951765618
517,26.43159729999934,60.03,19.54,60.0,119,59.99240608078849
518,26.47939450000013,59.25,19.65,60.0,143,59.28292885340073
519,26.524893699999662,59.25,19.65,60.0,143,59.22197401564763
520,26.57211760000064,59.25,19.54,60.0,143,59.27303190921256
521,26.620715900000505,59.25,19.54,60.0,143,59.23190786342885
522,26.66590770000039,59.25,19.54,60.0,143,59.26334456331094
523,26.71276140000009,58.49,19.54,60.0,143,58.481086702417976
524,26.75900499999989,58.49,19.54,60.0,143,58.49490366208389
525,26.805457000000388,58.49,19.54,60.0,166,58.488600790144254
526,26.852060700000948,58.49,19.54,60.0,166,58.488460686374914
527,26.89986780000072,58.49,19.54,60.0,166,58.493874025068386
528,26.945406900000307,58.49,19.54,60.0,166,58.48441025027358
529,26.992103399999905,57.68,19.43,60.0,191,57.686693691855154
530,27.038961800000838,57.59,19.43,60.0,191,57.58278578392585
531,27.10002490000079,57.59,19.43,60.0,191,57.5971978889346
532,27.14701020000029,57.59,19.1,60.0,194,57.58329509526514
533,27.19416629999978,57.59,20.74,60.0,194,57.59580386642706
534,27.241141599999537,57.59,21.07,60.0,194,57.585433414967476
535,27.30371650000052,58.75,19.65,60.0,159,58.75306327342257
536,27.350164100000256,60.01,21.5,60.0,159,60.008641096622654
537,27.397021500000847,60.89,21.28,60.0,159,60.88951109761157
538,27.44448200000079,60.89,19.65,60.0,95,60.89243112597709
539,27.49498669999957,61.81,19.76,60.0,95,61.80557210283189
540,27.54013330000089,62.6,19.76,60.0,67,62.606447269705015
541,27.59240300000056,62.61,19.76,60.0,67,62.601537960908104
542,27.63329479999993,62.61,19.76,60.0,43,62.62044609808281
543,27.681195400000437,62.61,19.76,60.0,43,62.59762834940219
544,27.726955899999663,62.61,19.76,60.0,43,62.624207250239884
545,27.77441180000096,62.61,19.65,60.0,43,62.59408382714886
546,27.836736100000053,62.61,19.65,60.0,42,62.627454973804845
547,27.884299499999543,61.7,19.76,60.0,42,61.6812275238508
548,27.930964200000744,61.7,19.65,60.0,42,61.71981008007445
549,28.006967400000576,61.7,19.65,60.0,69,61.679495502250255
550,28.054997700000968,60.82,19.65,60.0,93,60.84079272378914
551,28.09903619999932,60.81,19.65,60.0,93,60.78938265889363
552,28.14554549999957,60.81,19.65,60.0,96,60.82993027095818
553,28.19638610000038,60.81,19.65,60.0,96,60.79130523344712
554,28.240725900001053,60.81,19.65,60.0,96,60.82688669259468
555,28.287949699999444,60.81,19.54,60.0,96,60.7955040955178
556,28.33542990000024,60.81,19.65,60.0,96,60.82152790771086
557,28.383341900000232,60.81,19.54,60.0,96,60.80199423250645
558,28.43069629999991,59.83,19.65,60.0,96,59.83397199942857
559,28.47638379999989,59.82,19.54,60.0,125,59.82051053279696
560,28.523272599999476,59.82,19.54,60.0,125,59.81464007936142
561,28.57024699999965,59.82,19.54,60.0,125,59.83047876361326
562,28.618213800000376,59.82,19.43,60.0,125,59.80424112524333
563,28.6648552000006,59.82,19.54,60.0,125,59.841086291637275
564,28.71402339999986,59.82,19.54,60.0,125,59.793653553817315
565,28.75903930000095,58.87,19.54,60.0,125,58.90142934896162
566,28.809054499999547,58.86,19.54,60.0,154,58.82376603297439
567,28.853876799999853,58.86,19.54,60.0,154,58.9006707548201
568,28.89862960000028,58.86,19.54,60.0,155,58.8153375737952
569,28.94646979999925,58.86,19.54,60.0,155,58.908144168386755
570,29.006781000000046,58.86,19.43,60.0,155,58.80893574451782
571,29.05442260000018,58.02,19.43,60.0,155,58.07338513831097
572,29.10166910000044,58.02,19.54,60.0,155,57.964915738031216
573,29.14828250000028,58.02,19.43,60.0,180,58.07615365710622
574,29.194937899999783,58.02,19.54,60.0,180,57.9634016600464
575,29.27191649999986,57.24,19.43,60.0,180,57.29643435953867
576,29.31789369999933,57.15,19.32,60.0,180,57.09431341316893
577,29.36457130000053,57.15,19.32,60.0,207,57.204385611147096
578,29.41238089999933,57.15,20.85,60.0,207,57.09743615147037
579,29.459125200000926,58.03,19.98,60.0,207,58.08025198695029
580,29.506235200000447,59.17,19.43,60.0,207,59.122523051050976
581,29.5534131000004,60.63,19.65,60.0,143,60.67426175307659
582,29.60101620000023,61.39,19.43,60.0,143,61.349372929432185
583,29.648199499999464,61.4,21.07,60.0,79,61.43659440441654
584,29.69410699999935,62.3,19.76,60.0,79,62.26780974712841
585,29.755962799999907,62.3,19.65,60.0,52,62.32744949851079
586,29.801900899999964,63.15,19.65,60.0,52,63.12758352332522
587,29.850274700000227,63.16,19.76,60.0,52,63.177143214684705
588,29.897015399999876,62.15,19.76,60.0,53,62.138314749737276
589,29.943822700000965,62.15,19.76,60.0,53,62.15609677820549
590,29.99143920000097,62.15,19.65,60.0,56,62.149572530420244
591,30.037038099999336,62.15,19.65,60.0,56,62.1447216771088
592,30.11649510000097,62.15,19.65,60.0,56,62.16098106523732
593,30.16454519999934,62.15,19.65,60.0,56,62.133354703427656
594,30.22707079999964,61.41,19.65,60.0,56,61.43223878782814
595,30.274227199999583,61.33,19.65,60.0,80,61.30226899316373
596,30.32051320000028,61.33,19.65,60.0,80,61.36309017233207
597,30.36691299999984,60.65,19.65,60.0,101,60.611720761763735
598,30.414927899999384,60.57,19.65,60.0,101,60.61325239795452
599,30.461326500000723,60.57,19.54,60.0,101,60.52204646998731
600,30.52396100000078,60.57,19.54,60.0,103,60.62231666817054
601,30.57317270000021,60.57,19.65,60.0,103,60.51373225595017
602,30.6203428000008,60.57,19.54,60.0,103,60.62972712171996
603,30.666402999999264,60.57,19.54,60.0,103,60.50738709578744
604,30.711339499999667,59.68,19.54,60.0,127,59.74484487867371
605,30.756459500000343,59.68,19.54,60.0,127,59.61365169412703
606,30.80389800000012,59.68,19.54,60.0,130,59.74705653959039
607,30.88429060000089,59.68,19.54,60.0,130,59.613087491018455
608,30.929969599999826,59.68,19.43,60.0,130,59.7458701434918
609,30.97753159999957,59.68,19.43,60.0,130,59.61610340358535
610,31.0222761999994,58.59,19.54,60.0,130,58.65097521685739
611,31.068441900000835,58.59,19.43,60.0,130,58.532891782179945
612,31.115753899999618,58.59,19.54,60.0,163,58.64231771509564
613,31.162882300001,58.59,19.43,60.0,163,58.543354907409785
614,31.211003500000515,58.59,19.43,60.0,163,58.630149930597305
615,31.259420500000488,58.59,19.43,60.0,163,58.55709053928521
616,31.30776970000079,57.64,19.43,60.0,191,57.66501849507902
617,31.354075999999623,57.64,19.43,60.0,191,57.623411170985925
618,31.400175000000672,57.64,19.43,60.0,191,57.64774687930693
619,31.448868200001016,57.64,19.54,60.0,192,57.64137056063197
620,31.49637410000105,57.64,19.32,60.0,192,57.62937855325669
621,31.54336019999937,57.64,19.1,60.0,192,57.65986372135295
622,31.59057489999941,58.7,19.21,60.0,192,58.67103967931748
623,31.63832849999926,59.77,20.19,60.0,128,59.80778333862789
624,31.68410170000061,60.6,19.54,60.0,128,60.55378295380399
625,31.731654700000945,60.6,19.43,60.0,103,60.6541603858875
626,31.778813799999625,61.38,19.65,60.0,103,61.318470838179245
627,31.8260336000003,61.38,20.63,60.0,103,61.448257047530944
628,31.88899830000082,62.13,19.54,60.0,79,62.05570535269882
629,31.95008899999993,62.99,19.76,60.0,79,63.069606748473845
630,32.011223900000914,63.0,19.65,60.0,31,62.91583108555119
631,32.059188999999606,62.23,19.65,60.0,54,62.31796508052758
632,32.119981499999994,62.23,19.65,60.0,54,62.13901343420845
633,32.16670370000065,62.23,19.65,60.0,53,62.323231346406374
634,32.21404369999982,62.23,19.65,60.0,53,62.135296979362565
635,32.29091990000052,61.46,19.54,60.0,76,61.555410048549604
636,32.3376528000008,61.46,19.65,60.0,76,61.3646346970524
637,32.384571500000675,61.46,19.54,60.0,76,61.554585222126036
638,32.43314190000092,61.46,19.54,60.0,76,61.36691142467272
639,32.480019300001004,61.46,19.54,60.0,76,61.55089575529335
640,32.52768830000059,61.46,19.54,60.0,76,61.371970681832515
641,32.57361110000056,60.59,19.54,60.0,76,60.67451572445376
642,32.621184900001026,60.58,19.54,60.0,102,60.49961257663461
643,32.66703629999938,60.58,19.54,60.0,102,60.65568421308038
644,32.71401069999956,60.58,19.65,60.0,102,60.509546164275505
645,32.76117599999998,59.74,19.54,60.0,102,59.8047525788401
646,32.807388600000195,59.74,19.54,60.0,127,59.68135417100654
647,32.8540852999995,59.74,19.43,60.0,127,59.79220769779737
648,32.90120130000105,59.74,19.54,60.0,127,59.69448036798897
649,32.94786159999967,59.74,19.54,60.0,127,59.7786689137384
650,32.995016200000464,59.74,19.54,60.0,127,59.70825224782021
651,33.05594940000083,58.89,19.43,60.0,127,58.914852863838064
652,33.104252000001,58.89,19.43,60.0,153,58.87191536990769
653,33.15120100000058,58.89,19.43,60.0,153,58.90154471804311
654,33.1983235000007,58.89,19.43,60.0,153,58.88466793909229
655,33.24460539999927,58.89,19.43,60.0,153,58.88953810611439
656,33.291317200000776,58.13,19.43,60.0,153,58.135757778701176
657,33.33816400000069,58.12,19.43,60.0,176,58.10950808675966
658,33.38451150000037,58.12,19.43,60.0,176,58.13461811935215
659,33.430203699999765,58.12,19.43,60.0,177,58.10189216518679
660,33.49237270000049,58.12,19.43,60.0,177,58.14094950055018
661,33.53880140000001,58.12,19.43,60.0,177,58.09685200574845
662,33.58364110000002,57.32,19.43,60.0,177,57.344724144296706
663,33.63077189999967,57.23,19.1,60.0,204,57.20428637413706
664,33.676420199999484,57.23,20.08,60.0,204,57.25616440789867
665,33.72200770000018,57.94,19.76,60.0,204,57.91386728644988
666,33.76965740000014,59.49,19.32,60.0,181,59.51567815360763
667,33.81533040000068,60.58,19.98,60.0,181,60.555140935350614
668,33.8623432000004,61.48,19.54,60.0,103,61.50372917606615
669,33.90972850000071,61.49,19.65,60.0,103,61.46766402007803
670,33.95909179999944,61.49,19.43,60.0,76,61.51072068486645
671,34.00722780000069,62.22,19.76,60.0,76,62.20108045740109
672,34.049317099999826,62.31,19.65,60.0,51,62.32696545207261
673,34.11145299999953,62.31,19.65,60.0,51,62.295111549093185
674,34.15904799999953,62.31,19.65,60.0,51,62.32271496956164
675,34.205157399999734,62.31,19.65,60.0,51,62.29953331136924
676,34.26768860000084,62.31,19.54,60.0,51,62.31815955491341
677,34.3154269000006,62.31,19.65,60.0,51,62.30419698862133
678,34.3617878999994,62.31,19.54,60.0,51,62.31339938562222
679,34.409633200000826,61.55,19.54,60.0,51,61.54905641756647
680,34.45674890000009,61.46,19.65,60.0,51,61.458423745674665
681,34.503791099999944,61.46,19.54,60.0,76,61.46417632968681
682,34.550329699999565,61.46,19.54,60.0,76,61.45312682019728
683,34.59727369999928,61.46,19.54,60.0,76,61.46967898992447
684,34.6443990000007,60.65,19.54,60.0,76,60.637402904193564
685,34.69360469999992,60.65,19.54,60.0,100,60.66561857465409
686,34.74006130000089,60.65,19.43,60.0,100,60.63127909065999
687,34.78525310000077,60.65,19.43,60.0,100,60.671868770161936
688,34.83268270000008,60.65,19.21,60.0,100,60.62498400256893
689,34.88080980000086,60.65,20.19,60.0,100,60.6781080617464
690,34.926950700000816,60.65,19.32,60.0,100,60.6189151431716
691,34.974784199999704,60.65,19.43,60.0,100,60.683883872161786
692,35.021392200000264,60.65,19.54,60.0,100,60.61355620820287
693,35.06704859999991,60.65,19.43,60.0,100,60.68870856388016
694,35.11416210000061,61.36,19.54,60.0,100,61.319368185928234
695,35.16082749999987,61.44,19.65,60.0,100,61.482180985298996
696,35.20858129999942,62.2,20.52,60.0,100,62.15665971038737
697,35.25487029999931,62.2,19.65,60.0,53,62.24411187368856
698,35.318033900000955,62.2,19.65,60.0,53,62.155484838050505
699,35.36318310000024,62.2,19.54,60.0,53,62.24458497478228
700,35.41131900000073,62.2,19.65,60.0,53,62.15563057051948
701,35.4586846000002,61.24,19.54,60.0,52,61.283928105700824
702,35.50504960000035,61.23,19.54,60.0,52,61.18667025249208
703,35.55332090000047,61.23,19.54,60.0,81,61.272648368274425
704,35.60258369999974,61.23,19.54,60.0,81,61.18804223562107
705,35.64989190000051,61.23,19.54,60.0,81,61.271325570063816
706,35.694557000000714,61.23,19.54,60.0,81,61.18919225545879
707,35.74053009999989,61.23,19.54,60.0,81,61.27044370022018
708,35.81629360000079,60.33,19.43,60.0,81,60.28974772544136
709,35.87808770000083,60.33,19.43,60.0,108,60.37022939357697
710,35.92635599999994,60.33,19.54,60.0,108,60.28965150894979
711,35.98646379999991,60.33,19.54,60.0,108,60.3705636804212
712,36.04691579999962,60.33,19.43,60.0,108,60.28918539055041
713,36.09467450000011,59.55,19.54,60.0,108,59.59103195806906
714,36.14207540000098,59.46,19.54,60.0,108,59.41885735184015
715,36.203413100000034,59.46,19.43,60.0,134,59.50107392705829
716,36.25013989999934,59.46,19.54,60.0,134,59.419243565777286
717,36.29704010000023,59.46,19.43,60.0,134,59.500127178681986
718,36.34424330000002,59.46,19.43,60.0,134,59.42086694008282
719,36.39023869999983,58.58,19.43,60.0,158,58.61773481732799
720,36.43756849999954,58.58,19.54,60.0,158,58.54408945973164
721,36.484553100000994,58.58,19.43,60.0,161,58.61365767751301
722,36.53096299999925,58.58,19.43,60.0,161,58.549006475354034
723,36.57925199999954,57.81,19.43,60.0,184,57.83795502420286
724,36.6390123000001,57.81,19.43,60.0,184,57.7854020509402
725,36.698985700000776,57.81,19.32,60.0,184,57.8309947232024
726,36.74615950000043,57.81,19.43,60.0,184,57.79276916570532
727,36.79191700000047,57.81,19.54,60.0,185,57.82340070269066
728,36.840927100000044,57.81,19.87,60.0,185,57.80039631504047
729,36.88585410000087,57.81,21.39,60.0,185,57.81594033872347
730,36.93295519999992,58.59,21.72,60.0,185,58.587491293672464
731,36.98034729999927,59.84,19.32,60.0,124,59.83940011635951
732,37.0270629000006,60.77,19.54,60.0,124,60.773305511190614
733,37.07415949999995,61.51,19.65,60.0,124,61.5044558697638
734,37.12084390000018,61.59,20.52,60.0,72,61.597271344586005
735,37.16684279999936,62.5,19.65,60.0,72,62.49153474060149
736,37.213498700000855,62.5,19.65,60.0,44,62.509127569536396
737,37.26091110000016,62.5,19.65,60.0,44,62.49071787809565
738,37.308380399999805,62.5,19.65,60.0,44,62.50897135728332
739,37.35792279999987,62.5,19.65,60.0,44,62.49174817697272
740,37.40273639999941,62.5,19.65,60.0,43,62.50718960541386
741,37.44839750000028,62.5,19.65,60.0,43,62.494144106199684
742,37.4955716000004,62.5,19.65,60.0,43,62.50432266638262
743,37.54172710000057,61.54,19.54,60.0,43,61.53734128967034
744,37.58926360000078,61.54,19.54,60.0,43,61.54092686932541
745,37.63640289999967,61.54,19.54,60.0,72,61.54081636338817
746,37.68272849999994,61.54,19.54,60.0,72,61.53748106894169
747,37.72967969999991,61.54,19.54,60.0,72,61.5441301448808
748,37.775704400000905,60.76,19.54,60.0,72,60.754402415358236
749,37.83769290000055,60.76,19.54,60.0,95,60.766864963385984
750,37.88620330000049,60.76,20.52,60.0,95,60.75212809322217
751,37.93320610000046,60.76,19.87,60.0,95,60.76855566882863
752,37.98012200000085,60.76,20.74,60.0,95,60.75114612418238
753,38.02591550000034,60.76,20.19,60.0,95,60.76870757159963
754,38.07268230000045,60.76,19.32,60.0,95,60.75193561135633
755,38.12113150000005,60.76,19.32,60.0,95,60.766881848673464
756,38.16649309999957,60.76,19.43,60.0,95,60.754869209902346
757,38.21362919999956,60.76,19.54,60.0,95,60.7627989119722
758,38.260571799999525,61.6,19.43,60.0,69,61.60010578342192
759,38.30775170000015,61.6,20.08,60.0,69,61.59644752540822
760,38.35330079999949,61.6,19.65,60.0,69,61.607486964856065
761,38.41608190000079,61.6,19.65,60.0,69,61.5881668697975
762,38.46360939999977,61.6,19.54,60.0,69,61.61649542472857
763,38.52515090000088,61.6,19.54,60.0,69,61.57863829580105
764,38.57270310000058,61.6,19.54,60.0,69,61.62630623312488
765,38.61984400000074,61.6,19.54,60.0,69,61.568807054998466
766,38.66569230000096,61.6,19.43,60.0,69,61.63587902828664
767,38.71284000000014,61.6,19.54,60.0,69,61.559781088222316
768,38.821425800000725,60.7,19.54,60.0,96,60.744068508220195
769,38.86861200000021,60.7,19.54,60.0,96,60.652711069708204
770,38.91404929999953,60.7,20.08,60.0,95,60.74974867398738
771,38.96156040000096,60.7,19.32,60.0,95,60.64867567362571
772,39.00906290000057,60.7,19.32,60.0,95,60.75190091454098
773,39.05578690000039,60.7,19.43,60.0,95,60.648627212782706
774,39.10300620000089,60.7,19.54,60.0,95,60.7496452655887
775,39.16509960000076,60.7,20.3,60.0,95,60.653362929126054
776,39.21117380000032,60.7,19.43,60.0,95,60.74228351956059
777,39.259299600000304,61.6,19.54,60.0,95,61.5634597547612
778,39.3362431000005,61.61,20.08,60.0,68,61.639386547457185
779,39.383744200000365,61.61,19.65,60.0,68,61.58917275894537
780,39.4309587000007,61.61,19.54,60.0,68,61.62089293027228
781,39.478625400000965,61.61,19.54,60.0,68,61.61036033175078
782,39.52561240000068,61.61,19.65,60.0,68,61.59714871566952
783,39.573929599999246,61.61,19.65,60.0,68,61.63647354752196
784,39.62100090000058,61.61,19.54,60.0,67,61.568904270069844
785,39.684290000001056,61.61,19.54,60.0,67,61.66656174480076
786,39.73047310000038,61.61,19.54,60.0,67,61.5373084599315
787,39.77666230000068,61.61,19.54,60.0,67,61.69928246296378
788,39.82358829999976,61.61,19.43,60.0,67,61.50388850765658
789,39.888479299999744,60.74,19.54,60.0,67,60.86293837500833
790,39.9325972000006,60.73,19.54,60.0,67,60.59049090878669
791,39.979798700000174,60.73,19.43,60.0,93,60.885558878386945
792,40.05695410000044,60.73,19.32,60.0,93,60.55918492203398
793,40.11617450000085,59.95,19.87,60.0,93,60.13500090269303
794,40.17691600000035,59.94,19.54,60.0,117,59.74215955858694
795,40.2242339000004,59.94,19.32,60.0,117,60.14906441022446
796,40.28548349999983,59.94,20.96,60.0,117,59.72158312789699
797,40.34646459999931,60.87,19.65,60.0,117,61.09566426497862
798,40.393840400000045,61.59,19.43,60.0,89,61.35939165150223
799,41.473215199999686,59.21,19.43,60.0,138,59.44310323997188
800,42.55283530000088,62.01,19.65,0.0,80,61.77692713795651
801,42.59927389999939,62.01,19.43,0.0,80,62.240522281357244
802,42.66066320000027,62.01,18.56,0.0,-255,61.78446038001971
803,42.707793100000345,58.11,19.1,0.0,-255,58.32829090361117
804,42.755114600000525,56.33,18.99,0.0,-255,56.120989715095746
805,42.81756970000061,54.32,18.89,0.0,-255,54.51798537551406
806,42.8634734999996,54.31,18.78,0.0,-255,54.12446154864275
807,42.90943850000076,54.31,18.67,0.0,-255,54.482005648302874
808,42.95588350000071,52.26,18.67,0.0,-255,52.10228392460195
809,43.002257800000734,51.4,18.45,0.0,-255,51.542974027351335
810,43.048310899999706,50.21,18.45,0.0,-255,50.08195252908466
811,43.09383220000018,50.21,18.45,0.0,-255,50.32316316873022
812,43.140462900000784,49.29,18.34,0.0,-255,49.19149258610568
813,43.18850419999944,46.76,18.23,0.0,-255,46.844231497352624
814,43.234810600000856,45.84,18.23,0.0,-255,45.76954049283301
815,43.281882700001006,44.93,18.12,0.0,-255,44.98729496395474
816,43.33002010000018,44.93,17.9,0.0,-255,44.88517507094696
817,43.37560520000079,44.09,18.01,0.0,-255,44.123122227873246
818,43.4208550000003,42.88,17.8,0.0,-255,42.857753828568875
819,43.46874879999996,41.43,17.8,0.0,-255,41.4422422027025
820,43.514714599999934,40.19,17.69,0.0,-255,40.186858709068915
821,43.562523799999326,39.44,17.58,0.0,-255,39.43495940089515
822,43.60941599999933,38.45,17.58,0.0,-255,38.462302758211656
823,43.65633390000039,37.15,17.47,0.0,-255,37.131340670770044
824,43.7029163999996,36.17,17.36,0.0,-255,36.19413858235511
825,43.764743600000656,36.07,17.25,0.0,-255,36.041217440243386
826,43.812389200000325,35.31,17.14,0.0,-255,35.34264669459267
827,43.860109700000976,34.36,17.14,0.0,-255,34.32420167141466
828,43.90635219999968,32.98,16.92,0.0,-255,33.0183140354457
829,43.95309300000008,32.04,16.81,0.0,-255,31.999723646145483
830,44.00064779999957,30.99,16.71,0.0,-255,31.031770023943956
831,44.04507899999953,30.07,16.6,0.0,-255,30.027122326205227
832,44.09180329999981,29.05,16.6,0.0,-255,29.093675288539586
833,44.13986620000105,27.84,16.49,0.0,-255,27.79577213407037
834,44.18731350000053,27.72,16.38,0.0,-255,27.76458586776861
835,44.23218000000088,26.93,16.27,0.0,-255,26.88521632701156
836,44.28264889999991,26.16,16.16,0.0,-255,26.204841053654256
837,44.32787529999951,26.15,16.05,0.0,-255,26.10523279790053
838,44.38878079999995,24.95,16.05,0.0,-255,24.994565356724113
839,44.436370200000965,23.97,15.72,0.0,-255,23.925763980543106
840,44.48218319999978,22.98,15.72,0.0,-255,23.02377822675488
841,44.528498100000434,21.92,15.62,0.0,-255,21.876810121359142
842,44.57529000000068,21.06,15.4,0.0,-255,21.102468346940494
843,44.62169229999927,21.06,15.29,0.0,-255,21.01838822840878
844,44.66858150000007,20.16,15.18,0.0,-255,20.200620330281193
845,44.7171412000007,19.28,15.07,0.0,-255,19.24050372723786
846,44.77827640000032,19.18,14.96,0.0,-255,19.218242699681777
847,44.82478559999981,18.25,14.85,0.0,-255,18.213137192029777
848,44.87167340000087,17.35,14.63,0.0,-255,17.385361410732386
849,44.93432940000093,17.35,14.63,0.0,-255,17.316251227969655
850,44.99684680000064,15.41,14.42,0.0,-255,15.442044701505111
851,45.04325590000008,14.37,14.31,0.0,-255,14.339719929807048
852,45.09165949999988,14.26,14.09,0.0,-255,14.288494589735855
853,45.13790820000031,14.26,13.98,0.0,-255,14.233267404978148
854,45.18542949999937,14.26,13.98,0.0,-255,14.28503919206078
855,45.23269900000014,13.13,13.87,0.0,-255,13.10654237870178
856,45.29617449999933,12.19,13.65,0.0,-255,12.21202826395441
857,45.34407430000101,12.19,13.44,0.0,-255,12.169210427329952
858,45.4209307000001,11.12,13.33,0.0,-255,11.13977955787134
859,45.5141564000005,10.07,13.0,0.0,-255,10.050964301613519
860,45.57503960000031,9.31,12.78,0.0,-255,9.328592846804694
861,45.63712830000077,8.57,12.67,0.0,-255,8.551519559374476
862,45.68317399999978,7.68,12.56,0.0,-228,7.698720091877062
863,45.73009439999987,7.59,12.46,0.0,-228,7.570676627050704
864,45.77631990000009,7.59,12.13,0.0,-202,7.610288984471566
865,45.83816680000018,6.82,12.13,0.0,-202,6.798400807436826
866,45.88579310000023,6.81,11.91,0.0,-179,6.833216808809516
867,45.93402059999971,6.07,11.69,0.0,-179,6.044915628147824
868,45.9951187000006,6.06,11.58,0.0,-157,6.0871263651705325
869,46.041903600000296,6.06,11.36,0.0,-157,6.030745571529682
870,46.08931479999956,5.0,11.26,0.0,-129,5.0313746064386216
871,46.13696060000075,4.98,11.26,0.0,-129,4.94660539058345
872,46.18438079999942,4.23,11.04,0.0,-103,4.265229009506799
873,46.23167730000023,4.23,10.82,0.0,-103,4.193198452152469
874,46.29594990000078,4.23,10.71,0.0,-103,4.268044953511858
875,46.34160169999996,3.33,10.49,0.0,-103,3.2911005012735797
876,46.38855030000013,3.33,10.38,0.0,-103,3.369312293028534
877,46.43476089999968,3.33,10.27,0.0,-77,3.2907608879234713
878,46.48194780000085,2.53,9.95,0.0,-77,2.5686487616299725
879,46.52789359999952,2.53,9.84,0.0,-53,2.4924718472810388
880,46.5739881999998,1.74,9.62,0.0,-53,1.7758860928152702
881,46.62118779999946,1.74,9.62,0.0,-53,1.7062451808975143
882,46.68298590000086,1.01,9.51,0.0,-30,1.0411890953174054
883,46.729915699999765,0.92,9.29,0.0,-30,0.8917370645214697
884,46.79088509999929,0.92,9.08,0.0,-5,0.9450642696463568
885,46.83762030000071,0.92,8.97,0.0,-5,0.8983116286244889
886,46.89878850000059,0.92,8.75,0.0,-5,0.9382310584268672
887,46.94595760000084,0.06,8.64,0.0,-5,0.045217589525052476
888,46.991859899999326,0.06,9.62,0.0,20,0.07142185892154086
889,47.03988340000069,0.06,9.4,0.0,20,0.05178440232044118
890,47.0857945000007,0.06,9.4,0.0,20,0.06521626337717595
891,47.13315900000089,0.06,9.29,0.0,20,0.057536187190216165
892,47.17984930000057,0.06,9.4,0.0,20,0.05998673202614162
893,47.22576149999986,0.06,9.29,0.0,20,0.06219667247085714
894,47.27401330000066,0.06,9.29,0.0,20,0.05592305805929141
895,47.32073450000098,0.06,9.29,0.0,20,0.06565213049906654
896,47.36836820000099,0.06,9.29,0.0,20,0.053073499816740366
897,47.41534110000066,0.06,9.29,0.0,20,0.06790927455962602
898,47.46332360000088,0.06,9.18,0.0,20,0.051386525126094845
899,47.51084140000057,0.06,9.18,0.0,20,0.06905485822776253
900,47.556797400000505,0.06,9.18,0.0,20,0.05074902712657877
901,47.60480020000068,0.06,9.18,0.0,20,0.06922034151323242
902,47.65100410000014,0.06,9.18,0.0,20,0.05101822048522479
903,47.697065599999405,0.06,9.18,0.0,20,0.06855385123341687
904,47.757265899999766,0.06,9.18,0.0,20,0.05204553581045697
905,47.80441350000001,0.06,9.08,0.0,20,0.06720059768289253
906,47.85163230000035,0.06,9.08,0.0,20,0.05369184046064322
907,47.900327400000606,0.06,8.97,0.0,20,0.06529196206775738
908,47.96021930000097,0.06,9.08,0.0,20,0.05583419405715741
909,48.00715110000056,0.06,8.97,0.0,20,0.06294265861109324
910,48.05152360000102,0.06,8.97,0.0,20,0.058365088077526356
911,48.09743259999959,0.06,8.86,0.0,20,0.06025470200968174
912,48.14349589999984,0.06,8.86,0.0,20,0.061185727045018866
913,48.19053789999998,0.06,8.86,0.0,20,0.057326364495278254
914,48.23956100000032,0.06,8.86,0.0,20,0.06419539708464339
915,48.28514790000008,0.06,8.75,0.0,20,0.05426387336900064
916,48.33156450000024,0.06,8.75,0.0,20,0.0672793488442848
917,48.39319520000026,0.06,8.86,0.0,20,0.05119326898013274
918,48.43993910000063,0.06,8.86,0.0,20,0.07029790304931569
919,48.48695740000039,0.06,8.75,0.0,20,0.048269612057136174
920,48.53460029999951,0.06,8.64,0.0,20,0.07307966586957737
921,48.5819105999999,0.06,8.75,0.0,20,0.0456806058625547
922,48.62711760000093,0.06,8.75,0.0,20,0.07542180462021658
923,48.67383639999935,0.06,8.75,0.0,20,0.043641701147929944
924,48.72157960000004,0.06,8.64,0.0,20,0.07710025932942757
925,48.7690877999994,0.06,8.64,0.0,20,0.04237990653802312
926,48.81529770000088,0.06,8.64,0.0,20,0.07789252409208594
927,48.86220780000076,0.06,8.53,0.0,20,0.042103862444371025
928,48.90817489999972,0.06,8.53,0.0,20,0.0776151969061897
929,48.95469890000095,0.06,8.53,0.0,20,0.04295827579319025
930,49.0012200000001,-0.69,8.53,0.0,40,-0.6738223264533623
931,49.04787150000084,-0.7,8.53,0.0,40,-0.7150364799051829
932,49.09599460000027,-0.7,8.09,0.0,42,-0.6863569064456456
933,49.15667349999967,-0.7,8.64,0.0,42,-0.7120324988923492
934,49.20405070000015,-0.7,8.97,0.0,42,-0.6897524082458383
935,49.25039149999975,-0.7,8.09,0.0,42,-0.7083370954149805
936,49.29847999999947,-0.7,8.64,0.0,42,-0.6936463400060662
937,49.34316380000018,-0.7,8.2,0.0,42,-0.7043521162865113
938,49.39017140000033,-0.7,8.42,0.0,42,-0.697612144434452
939,49.43689149999955,-0.7,8.75,0.0,43,-0.7005153058065805
940,49.48472380000021,-0.7,8.09,0.0,43,-0.7012135254753298
941,49.53218489999927,-0.7,8.64,0.0,43,-0.6972495289659898
942,49.57944440000029,-0.7,8.75,0.0,43,-0.70405261423523
943,49.62629829999969,-0.7,8.42,0.0,43,-0.6949162843181381
944,49.68811959999948,-0.7,8.53,0.0,43,-0.7058156790102471
945,49.75032160000046,-0.7,8.75,0.0,43,-0.6937699247478218
946,49.81319230000008,-0.7,8.75,0.0,43,-0.706319741127814
947,49.86009580000064,-0.7,9.18,0.0,43,-0.6939095378040826
948,49.90619470000093,0.26,8.64,0.0,43,0.2544374810399444
949,49.95303539999986,0.27,8.86,0.0,14,0.27477118723411464
950,50.000525299999936,0.27,8.75,0.0,14,0.2662349416156536
951,50.05060830000002,0.27,8.64,0.0,14,0.2726021836979363
952,50.09732989999975,0.27,8.64,0.0,14,0.26865482797975815
953,50.14372309999999,0.27,8.53,0.0,14,0.2700561266326751
954,50.191985499999646,-0.58,8.53,0.0,39,-0.5787918249941285
955,50.237551899999744,-0.58,8.42,0.0,39,-0.5824000715039885
956,50.286256200000935,-0.58,8.75,0.0,39,-0.5765172131995284
957,50.33442839999952,-0.58,8.53,0.0,39,-0.584430197134271
958,50.38228429999981,-0.58,8.53,0.0,40,-0.5747743766353693
959,50.42912950000027,-0.58,8.53,0.0,40,-0.5858604727553741
960,50.47725200000059,-0.58,8.42,0.0,40,-0.5736670535748918
961,50.52543549999973,-0.58,8.31,0.0,40,-0.5866468244588379
962,50.571409800000765,-0.58,8.53,0.0,40,-0.573189661687906
963,50.62030419999974,-0.58,8.42,0.0,40,-0.5868351377330637
964,50.667040800000905,-0.58,8.42,0.0,40,-0.573264642932731
965,50.71436300000096,-0.58,8.64,0.0,40,-0.586526783561801
966,50.76069800000005,-0.58,8.42,0.0,40,-0.5737738717948739
967,50.80806499999926,-0.58,8.31,0.0,40,-0.5858503977629425
968,50.85516800000005,-0.58,8.09,0.0,40,-0.574583634973165
969,50.9020586000006,-0.58,8.42,0.0,40,-0.5849401328956938
970,50.949602500000765,-0.58,8.42,0.0,40,-0.575563213234302
971,50.997865100000126,-0.58,8.31,0.0,40,-0.5839201288105773
972,51.04906309999933,-0.58,8.86,0.0,40,-0.5765975129192855
973,51.0959898000001,-0.58,8.42,0.0,40,-0.5828945919228559
974,51.14281029999984,-0.58,8.31,0.0,40,-0.5775944879968637
975,51.19003309999971,-0.58,8.86,0.0,40,-0.581942642183092
976,51.25111450000077,-0.58,8.42,0.0,40,-0.5784882643722234
977,51.3280020000002,-0.58,8.42,0.0,40,-0.5811169727922655
978,51.37509030000001,-0.58,8.31,0.0,40,-0.5792389396871598
979,51.43611849999979,-0.58,8.31,0.0,40,-0.5804453532973928
980,51.48448020000069,-0.58,8.75,0.0,40,-0.579830004957456
981,51.54669009999998,-0.58,8.2,0.0,40,-0.5799340687804515
982,51.594548700000814,-0.58,8.2,0.0,40,-0.5802642433440399
983,51.64198589999978,-0.58,8.42,0.0,40,-0.5795725017363178
984,51.68922130000101,-0.58,8.09,0.0,40,-0.5805588305548859
985,51.74923900000067,-0.58,8.09,0.0,40,-0.5793382053757108
986,51.79703800000061,-0.58,8.31,0.0,40,-0.5807402130339878
987,51.84329989999969,-0.58,7.99,0.0,40,-0.5792019669970987
988,51.89077990000078,-0.58,8.42,0.0,40,-0.5808391926933884
989,51.95150549999926,-0.58,8.2,0.0,40,-0.5791325014796216
990,51.99930880000102,-0.58,8.75,0.0,40,-0.580886514406938
991,52.046008400000574,-0.58,8.31,0.0,40,-0.5791005363446451
992,52.09537360000104,-0.58,8.31,0.0,40,-0.580909143904593
993,52.14100639999924,-0.58,8.75,0.0,40,-0.5790821445001525
994,52.18902209999942,-0.58,8.31,0.0,40,-0.5809273435028414
995,52.23454339999989,-0.58,8.2,0.0,40,-0.5790612464838361
996,52.28286470000057,-0.58,8.42,0.0,40,-0.5809526014739126
997,52.32880920000025,-0.58,8.2,0.0,41,-0.5790312424440767
998,52.37741950000054,-0.58,8.86,0.0,41,-0.5809864444049524
999,52.42178050000075,-0.58,8.2,0.0,41,-0.5789957501440656
1000,52.46921819999989,-0.58,8.42,0.0,41,-0.5810201544141885
1001,52.5160276000006,-0.58,7.77,0.0,41,-0.5789684262644593
1002,52.561512300000686,-0.58,8.42,0.0,41,-0.5810354163562348
1003,52.60926590000054,-0.58,7.88,0.0,41,-0.5789718431147904
1004,52.66946719999942,-0.58,8.31,0.0,41,-0.5810059247973506
1005,52.71608569999989,-0.58,8.75,0.0,41,-0.579035391153794
1006,52.763839400000506,-0.58,8.31,0.0,41,-0.5808999769419039
1007,52.82602559999941,-0.58,8.64,0.0,41,-0.5791921888903913
1008,52.87272839999969,-0.58,7.88,0.0,41,-0.5806840568522731
1009,52.934718300000895,-0.58,8.31,0.0,41,-0.5794750141129497
1010,52.99639659999957,-0.58,8.75,0.0,41,-0.5803273708078838
1011,53.04287529999965,-0.58,8.2,0.0,41,-0.5799113302498633
1012,53.09002499999952,-0.58,8.75,0.0,41,-0.5798072186017504
1013,53.1361194000001,-0.58,8.31,0.0,41,-0.5805175722729303
1014,53.18429060000017,-0.58,8.86,0.0,41,-0.5791149795546369
1015,53.24459659999957,-0.58,8.31,0.0,41,-0.5812929772576368
1016,53.30543930000022,-0.58,8.97,0.0,41,-0.5782623579888408
1017,53.35246519999964,-0.58,8.09,0.0,41,-0.5822133900724753
1018,53.39859179999985,-0.58,8.53,0.0,41,-0.5772873789432266
1019,53.44632620000084,-0.58,8.2,0.0,41,-0.5832256337871433
1020,53.49322519999987,-0.58,8.53,0.0,41,-0.5762594648220649
1021,53.540933700000096,-0.58,7.88,0.0,41,-0.5842431905238292
1022,53.60154719999992,-0.58,8.42,0.0,41,-0.5752827771390462
1023,53.64940810000007,-0.58,7.77,0.0,41,-0.5851440690696681
1024,53.69634849999966,-0.58,8.42,0.0,41,-0.5744968998230137
1025,53.742320800000016,-0.58,7.99,0.0,41,-0.5857718128565395
1026,53.80546119999963,-0.58,8.42,0.0,41,-0.5740739016170032
1027,53.85170719999951,-0.58,8.42,0.0,41,-0.5859405942453324
1028,53.8968246000004,-0.58,8.42,0.0,41,-0.5742108777683421
1029,53.94433709999976,-0.58,8.86,0.0,41,-0.5854452150440155
1030,53.9912803999996,-0.58,8.31,0.0,41,-0.575117268633499
1031,54.04025250000086,-0.58,7.88,0.0,41,-0.584076556782914
1032,54.08777809999992,-0.58,8.42,0.0,41,-0.5769966149825317
1033,54.13481069999944,-0.58,7.99,0.0,42,-0.5816425706598156
1034,54.1934953,-0.58,8.31,0.0,42,-0.580022959149685
1035,54.2399690000002,-0.58,8.64,0.0,42,-0.5779942493713691
1036,54.30366210000102,-0.58,8.97,0.0,42,-0.5843128477430567
1037,54.34947269999975,-0.58,7.99,0.0,42,-0.5730551794498018
1038,54.39337780000096,-0.58,8.53,0.0,42,-0.5898948277262903
1039,54.43972439999925,-0.58,9.08,0.0,42,-0.5668522516293896
1040,54.486912700000175,-0.58,8.2,0.0,42,-0.5966794230334804
1041,54.548032099999546,-0.58,8.64,0.0,42,-0.5595439513413675
1042,54.59544000000096,-0.58,8.97,0.0,42,-0.6044337766345237
1043,54.64406150000104,-0.58,8.2,0.0,42,-0.5514414327208109
1044,54.69164169999931,-0.58,8.64,0.0,42,-0.6127663576946876
1045,54.7509728999994,-0.58,8.53,0.0,42,-0.5430163971296897
1046,54.814047500000015,-0.58,8.42,0.0,42,-0.6211282520370429
1047,54.86151029999928,-0.58,8.53,0.0,42,-0.5348887765688328
1048,54.90732919999937,-0.58,8.64,0.0,42,-0.6288384406730673
1049,54.95643999999993,-0.58,8.53,0.0,42,-0.527786507215346
1050,55.00280810000004,-0.58,9.08,0.0,42,-0.6351409773547428
1051,55.04988380000032,-0.58,8.31,0.0,42,-0.5224694175525706
1052,55.096435200001,-0.58,8.75,0.0,42,-0.6393019575062209
1053,55.14355380000052,-0.58,8.09,0.0,42,-0.5196095832398064
1054,55.20385600000009,0.58,8.64,0.0,42,0.5192467650790521
1055,55.24973119999959,-0.58,8.09,0.0,42,-0.5196248168755138
1056,55.29743310000049,-0.58,8.53,0.0,42,-0.6392708403216618
1057,55.34394910000083,-0.58,9.18,0.0,42,-0.5225176927978892
1058,55.39069550000022,-0.58,8.53,0.0,42,-0.6350736953277335
1059,55.43781940000008,-0.58,8.75,0.0,42,-0.5278751439765388
1060,55.48485889999938,-0.58,8.64,0.0,42,-0.6287257008037548
1061,55.54586650000056,-0.58,8.86,0.0,42,-0.5350286467486252
1062,55.594047300000966,-0.58,8.2,0.0,42,-0.6209580885128779
1063,55.6420020000005,-0.58,8.64,0.0,42,-0.5432199902116106
1064,55.68881499999952,-0.58,8.09,0.0,42,-0.6125264058065072
1065,55.73501969999961,-0.58,8.64,0.0,42,-0.5517202706853608
1066,55.78303550000055,-0.58,8.2,0.0,42,-0.6041141340553557
1067,55.828827499999534,-0.58,8.64,0.0,42,-0.5599054935256527
1068,55.87701030000062,-0.58,8.31,0.0,42,-0.5962759284176706
1069,55.92307989999972,-0.58,8.53,0.0,43,-0.5672964917953766
1070,55.98911260000023,-0.58,9.18,0.0,43,-0.5894125195717334
1071,56.035395200000494,-0.58,9.08,0.0,43,-0.5735712090718759
1072,56.082722600000125,-0.58,8.53,0.0,43,-0.5837692909947315
1073,56.128580200000215,-0.58,9.08,0.0,43,-0.578557138927187
1074,56.17185629999949,-0.58,8.2,0.0,43,-0.579451048759493
1075,56.21960709999985,-0.58,8.64,0.0,43,-0.5822109972333013
1076,56.28168729999925,-0.58,8.97,0.0,43,-0.5764463934822893
1077,56.32879420000063,-0.58,9.08,0.0,43,-0.5845916710717052
1078,56.37503199999992,-0.58,8.42,0.0,43,-0.574656240723902
1079,56.42427520000092,-0.58,8.75,0.0,43,-0.5858312805331511
1080,56.468063399999664,-0.58,9.29,0.0,43,-0.5739222835364541
1081,56.53089499999987,-0.58,8.42,0.0,43,-0.5861079303618221
1082,56.575692500000514,-0.58,8.75,0.0,43,-0.5740524374093972
1083,56.6240801999993,-0.58,9.08,0.0,43,-0.5856225159433849
1084,56.67173240000011,-0.58,8.42,0.0,43,-0.5748414682735994
1085,56.73285890000079,-0.58,8.86,0.0,43,-0.5845808544148472
1086,56.77919540000039,-0.58,9.08,0.0,43,-0.576086019767307
1087,56.84073890000036,-0.58,8.42,0.0,43,-0.5831814828868023
1088,56.88884689999941,-0.58,8.75,0.0,43,-0.5775940920512783
1089,56.93624330000057,-0.58,9.08,0.0,43,-0.5816087260105889
1090,56.98330870000064,-0.58,8.42,0.0,43,-0.5791896662679513
1091,57.02999490000002,-0.58,8.86,0.0,43,-0.5800300912277798
1092,57.078049899999314,-0.58,8.42,0.0,43,-0.5807136160955061
1093,57.1269128999993,-0.58,8.75,0.0,43,-0.5785966968260954
1094,57.1862056000009,-0.58,8.42,0.0,43,-0.5820223100493493
1095,57.24983220000104,-0.58,8.86,0.0,43,-0.5774452631281793
1096,57.296249299999545,-0.58,8.75,0.0,43,-0.5829853994395834
1097,57.34105070000078,-0.58,8.53,0.0,43,-0.5767001854898873
1098,57.38926250000077,-0.58,8.97,0.0,43,-0.5834842228058472
1099,57.45082709999952,-0.58,8.53,0.0,43,-0.5764743439006477
1100,57.49895450000077,-0.58,8.75,0.0,43,-0.5834120530029028
1101,57.55970549999984,-0.58,8.86,0.0,43,-0.5768675738805351
1102,57.60686150000038,-0.58,8.42,0.0,43,-0.5826770810481092
1103,57.6537143000005,-0.58,8.86,0.0,43,-0.5779621146085692
1104,57.700799300000654,-0.58,8.31,0.0,43,-0.5812085834024685
1105,57.76351910000085,-0.58,8.64,0.0,44,-0.5798148507458267
1106,57.81017299999985,-0.58,8.97,0.0,44,-0.5789661691398944
1107,57.85999140000058,-0.58,9.08,0.0,44,-0.5824467604523369
1108,57.91984559999946,-0.58,8.42,0.0,44,-0.5759513661284255
1109,57.9670270000006,-0.58,8.53,0.0,44,-0.5858306553612187
1110,58.01230009999927,-0.58,8.86,0.0,44,-0.5722201025279352
1111,58.05849979999948,-0.58,9.4,0.0,44,-0.5898790230918499
1112,58.10642619999999,-0.58,8.64,0.0,44,-0.5678939019551626
1113,58.16861570000037,-0.58,8.64,0.0,44,-0.5944345237081012
1114,58.21655760000067,-0.58,8.97,0.0,44,-0.5631668786814141
1115,58.26413099999991,-0.58,9.18,0.0,44,-0.5992664015381419
1116,58.31190559999959,-0.58,8.64,0.0,44,-0.5583049456665761
1117,58.35944039999959,-0.58,8.97,0.0,44,-0.6040766952461937
1118,58.40616779999982,-0.58,8.53,0.0,44,-0.5536330953857975
1119,58.468187399999806,-0.58,8.86,0.0,44,-0.6085205961982041
1120,58.51212189999933,-0.58,9.08,0.0,44,-0.5495062490665876
1121,58.55864620000102,0.12,9.62,0.0,23,0.08775461621582478
1122,58.60543999999936,0.2,8.86,0.0,23,0.2337391296005271
1123,58.65210560000014,0.2,8.86,0.0,23,0.16505627814763443
1124,58.69969390000006,0.2,8.86,0.0,20,0.23583248552026606
1125,58.74839199999951,0.2,8.75,0.0,20,0.16361730178541992
1126,58.793268100000205,0.2,8.75,0.0,20,0.23657540785362446
1127,58.84054909999941,0.2,8.75,0.0,20,0.16360418954183864
1128,58.891217500000494,0.2,8.75,0.0,20,0.2358341772043896
1129,58.95205870000064,0.2,8.64,0.0,20,0.16511266649995135
1130,58.99994340000012,-0.67,8.75,0.0,47,-0.6364395194943993
1131,59.046450199999526,-0.67,8.53,0.0,47,-0.7018685235683819
1132,59.093635400000494,-0.67,8.64,0.0,47,-0.6401641404666
1133,59.1394865000002,-0.67,8.53,0.0,47,-0.6974946029208103
1134,59.18683400000009,-0.67,8.53,0.0,47,-0.6451177407893457
1135,59.247967600000266,-0.67,8.53,0.0,47,-0.6920396416403848
1136,59.29623650000031,-0.67,8.53,0.0,47,-0.6509907969299623
1137,59.34159170000021,-0.67,8.42,0.0,47,-0.6858337436461164
1138,59.39049189999969,-0.67,8.42,0.0,47,-0.6574445484870713
1139,59.4371487999997,-0.67,8.42,0.0,47,-0.6792152309685536
1140,59.48511110000072,-0.67,8.31,0.0,47,-0.6641477297490794
1141,59.53110209999977,-0.67,8.31,0.0,47,-0.6725037995615859
1142,59.57874409999931,-0.67,8.31,0.0,47,-0.6707950110260662
1143,59.62715310000021,-0.67,8.31,0.0,47,-0.6659889355047456
1144,59.672103900000366,-0.67,8.31,0.0,47,-0.6771133111747883
1145,59.73244599999998,-0.67,8.2,0.0,47,-0.6599272658191733
1146,59.77905789999932,-0.67,8.2,0.0,47,-0.6828623945683903
1147,59.840786099999605,-0.67,8.2,0.0,47,-0.6545424169578486
1148,59.88785319999988,-0.67,8.2,0.0,47,-0.6878361229278933
1149,59.93568199999936,-0.67,8.09,0.0,47,-0.6500211334499193
1150,59.98221460000059,-0.67,7.99,0.0,47,-0.6918704242327925
1151,60.04433140000037,-0.67,7.99,0.0,47,-0.6464998381183963
1152,60.10656879999988,-0.67,7.99,0.0,47,-0.6948634995615268
1153,60.15225989999999,-1.43,7.99,0.0,47,-1.4040366408792666
1154,60.20120230000066,-1.43,7.99,0.0,70,-1.4568110631962954
1155,60.24802110000019,-1.43,7.88,0.0,70,-1.402574196629676
1156,60.293655900000886,-1.43,7.88,0.0,70,-1.4578326943312827
1157,60.34094999999979,-1.43,7.88,0.0,70,-1.4019396698521014
1158,60.38934370000061,-1.43,7.88,0.0,70,-1.4581385746858133
1159,60.43596550000075,-1.43,7.77,0.0,70,-1.401903226724606
1160,60.48420679999981,-1.43,7.77,0.0,70,-1.4579623894282043
1161,60.53028079999967,-1.43,7.88,0.0,70,-1.4022399318770293
1162,60.57702190000055,-1.43,7.44,0.0,70,-1.457511125335874
1163,60.62374070000078,-1.43,8.31,0.0,71,-1.4027665379489305
1164,60.67088660000081,-1.43,8.2,0.0,71,-1.4569418999173194
1165,60.71816100000069,-1.43,8.86,0.0,71,-1.4033510650301433
1166,60.7655362000005,-1.43,9.73,0.0,71,-1.456365905365851
1167,60.811661800000365,-1.43,9.73,0.0,71,-1.403895431154856
1168,60.85930700000063,-0.61,9.18,0.0,71,-0.6358788907362417
1169,60.90651600000092,-0.61,8.64,0.0,71,-0.5842937410907634
1170,60.95433140000023,-0.61,9.62,0.0,46,-0.6356071475724843
1171,61.00109320000047,-0.61,9.4,0.0,46,-0.584396773321802
1172,61.046882200000255,-0.61,8.64,0.0,46,-0.6357148888310398
1173,61.09562619999997,-0.61,8.42,0.0,46,-0.5840410281343862
1174,61.1423264999994,-0.61,8.53,0.0,47,-0.6363468721176216
1175,61.19039420000081,-0.61,8.64,0.0,47,-0.5831169497264335
1176,61.23587960000077,-0.61,8.97,0.0,47,-0.6375639336368595
1177,61.28359180000007,-0.61,9.18,0.0,47,-0.5816227792425596
1178,61.33150139999998,-0.61,9.18,0.0,47,-0.6393015965366189
1179,61.38153439999951,-0.61,9.4,0.0,47,-0.5796931319788113
1180,61.42736759999934,-0.61,9.62,0.0,47,-0.6413545330129129
1181,61.47436209999978,-0.61,9.51,0.0,47,-0.577601204791063
1182,61.52093240000068,-0.61,9.73,0.0,47,-0.6433880407254715
1183,61.56816649999928,-0.61,8.86,0.0,47,-0.5757332085800434
1184,61.615894700000354,-0.61,8.75,0.0,47,-0.644978150310154
1185,61.66429749999952,-0.61,8.75,0.0,47,-0.5745332464907607
1186,61.70994509999946,0.25,8.86,0.0,47,0.21431796296280775
1187,61.75503329999992,0.25,9.18,0.0,47,0.28558101125073354
1188,61.80212089999986,0.25,9.08,0.0,21,0.21487047206394042
1189,61.84868430000097,0.25,9.08,0.0,21,0.28430204285176136
1190,61.8960449999995,0.25,8.97,0.0,21,0.21691910638689346
1191,61.95680650000031,0.25,8.97,0.0,21,0.28145590321213765
1192,62.00452799999948,0.25,8.86,0.0,21,0.22057549925021128
1193,62.05151990000013,0.25,8.97,0.0,21,0.2769923406924927
1194,62.09947459999967,0.25,8.86,0.0,21,0.2258256040878648
1195,62.145616699999664,-0.56,8.75,0.0,21,-0.5390036987994762
1196,62.19344719999936,-0.57,8.97,0.0,46,-0.5874951428920904
1197,62.23931620000076,-0.57,8.75,0.0,46,-0.5562813008716101
1198,62.28557010000077,-0.57,8.75,0.0,46,-0.5797230947329549
1199,62.33479579999948,-0.57,8.64,0.0,46,-0.5644302196026094
