angle,set_point,pressure,motor_speed,
0.00,15.00,17.80,60.00,
3.45,15.00,17.80,60.00,
3.45,15.00,17.69,60.00,
11.59,15.00,17.80,60.00,
11.59,15.00,17.80,60.00,
17.33,15.00,17.69,60.00,
17.33,15.00,17.80,60.00,
17.33,15.00,17.80,60.00,
17.33,15.00,17.80,60.00,
17.33,15.00,17.80,-167.57,
17.33,15.00,17.14,-167.57,
16.37,15.00,16.81,-167.57,
16.37,15.00,16.81,-167.57,
16.37,15.00,16.60,-167.57,
16.37,15.00,16.60,-167.57,
15.27,15.00,16.38,-167.57,
15.27,15.00,16.27,-167.57,
14.13,15.00,16.16,-167.57,
14.13,15.00,15.94,48.09,
13.07,15.00,16.60,48.09,
13.07,15.00,16.49,48.09,
12.32,15.00,16.49,48.09,
12.32,180.00,16.49,48.09,
12.32,180.00,16.60,255.00,
12.32,180.00,16.92,255.00,
11.42,180.00,17.25,255.00,
11.42,180.00,16.27,255.00,
11.42,180.00,17.36,255.00,
11.42,180.00,17.25,255.00,
11.42,180.00,17.69,255.00,
11.42,180.00,17.47,255.00,
11.42,180.00,17.36,255.00,
11.42,180.00,17.58,255.00,
11.42,180.00,17.36,255.00,
11.42,180.00,17.90,255.00,
11.42,180.00,17.25,255.00,
11.42,180.00,18.01,255.00,
12.62,180.00,17.36,255.00,
12.62,180.00,18.23,255.00,
12.62,180.00,17.69,255.00,
12.62,180.00,18.45,255.00,
13.83,180.00,17.90,255.00,
13.83,180.00,18.67,255.00,
13.83,180.00,18.23,255.00,
13.83,180.00,19.10,255.00,
14.84,180.00,18.56,255.00,
14.84,180.00,19.21,255.00,
14.84,180.00,18.78,255.00,
14.84,180.00,18.78,255.00,
16.02,180.00,18.89,255.00,
16.02,180.00,18.23,255.00,
16.02,180.00,18.99,255.00,
16.02,180.00,18.34,255.00,
17.29,180.00,19.32,255.00,
17.29,180.00,18.89,255.00,
17.29,180.00,19.76,255.00,
17.29,180.00,19.32,255.00,
18.45,180.00,19.65,255.00,
18.45,180.00,19.43,255.00,
18.45,180.00,18.78,255.00,
18.45,180.00,19.54,255.00,
19.71,180.00,18.78,255.00,
19.71,180.00,19.65,255.00,
20.48,180.00,18.99,255.00,
20.48,180.00,20.08,255.00,
21.24,180.00,19.43,255.00,
21.24,180.00,20.30,255.00,
21.24,180.00,19.76,255.00,
21.24,180.00,20.41,255.00,
22.62,180.00,19.98,255.00,
22.62,180.00,20.08,255.00,
22.62,180.00,19.87,255.00,
22.62,180.00,19.32,255.00,
23.93,180.00,20.08,255.00,
23.93,180.00,19.54,255.00,
23.93,180.00,20.52,255.00,
23.93,180.00,20.08,255.00,
25.43,180.00,20.85,255.00,
25.43,180.00,20.19,255.00,
25.43,180.00,20.52,255.00,
25.43,180.00,20.19,255.00,
26.77,180.00,19.54,255.00,
26.77,180.00,20.41,255.00,
27.58,180.00,19.76,255.00,
27.58,180.00,20.74,255.00,
28.45,180.00,20.41,255.00,
28.45,180.00,20.85,255.00,
29.28,180.00,20.63,255.00,
29.28,180.00,20.08,255.00,
29.28,180.00,20.63,255.00,
29.28,180.00,19.87,255.00,
30.68,180.00,20.85,255.00,
30.68,180.00,19.98,255.00,
30.68,180.00,21.17,255.00,
30.68,180.00,20.52,255.00,
32.06,180.00,21.39,255.00,
32.06,180.00,20.85,255.00,
32.93,180.00,21.07,255.00,
32.93,180.00,20.85,255.00,
33.82,180.00,20.08,255.00,
33.82,180.00,20.96,255.00,
34.58,180.00,20.52,255.00,
34.58,180.00,21.39,255.00,
34.58,180.00,20.85,255.00,
34.58,180.00,21.50,255.00,
36.02,180.00,20.96,255.00,
36.02,180.00,20.85,255.00,
36.77,180.00,20.96,255.00,
36.77,180.00,20.30,255.00,
37.57,180.00,21.28,255.00,
37.57,180.00,20.85,255.00,
38.41,180.00,21.50,255.00,
38.41,180.00,21.28,255.00,
39.22,180.00,20.85,255.00,
39.22,180.00,21.28,255.00,
40.03,180.00,20.52,255.00,
40.03,180.00,21.39,255.00,
40.84,180.00,20.63,255.00,
40.84,180.00,21.72,255.00,
41.65,180.00,21.17,255.00,
41.65,180.00,21.83,255.00,
42.46,180.00,21.28,255.00,
42.46,180.00,20.85,255.00,
43.28,180.00,21.39,255.00,
43.28,180.00,20.74,255.00,
44.12,180.00,21.61,255.00,
44.12,180.00,21.28,255.00,
44.89,180.00,21.94,255.00,
44.89,180.00,21.39,255.00,
45.64,180.00,21.17,255.00,
45.64,180.00,21.39,255.00,
46.51,180.00,20.74,255.00,
46.51,180.00,21.72,255.00,
47.39,180.00,21.39,255.00,
47.39,180.00,21.83,255.00,
48.19,180.00,21.61,255.00,
48.19,180.00,20.85,255.00,
48.98,180.00,21.61,255.00,
48.98,180.00,20.74,255.00,
49.86,180.00,21.83,255.00,
49.86,180.00,21.28,255.00,
50.78,180.00,22.26,255.00,
50.78,180.00,21.72,255.00,
51.65,180.00,21.50,255.00,
51.65,180.00,21.61,255.00,
52.46,180.00,20.96,255.00,
52.46,180.00,21.83,255.00,
53.25,180.00,21.50,255.00,
53.25,180.00,22.16,255.00,
54.09,180.00,21.61,255.00,
54.09,180.00,21.61,255.00,
55.01,180.00,21.72,255.00,
55.01,180.00,20.96,255.00,
55.92,180.00,21.94,255.00,
55.92,180.00,21.61,255.00,
56.84,180.00,21.94,255.00,
56.84,180.00,21.83,255.00,
57.76,180.00,20.96,255.00,
57.76,180.00,21.83,255.00,
58.63,180.00,20.96,255.00,
58.63,180.00,22.05,255.00,
59.47,180.00,21.50,255.00,
59.47,180.00,22.37,255.00,
60.30,180.00,21.72,255.00,
60.30,180.00,21.61,255.00,
61.17,180.00,21.83,255.00,
61.17,180.00,21.07,255.00,
62.09,180.00,22.05,255.00,
62.09,180.00,21.61,255.00,
62.95,180.00,22.37,255.00,
62.95,180.00,21.72,255.00,
63.81,180.00,21.61,255.00,
63.81,180.00,21.83,255.00,
64.76,180.00,21.07,255.00,
64.76,180.00,22.05,255.00,
65.68,180.00,21.72,255.00,
65.68,180.00,22.05,255.00,
66.56,180.00,21.83,255.00,
66.56,180.00,21.17,255.00,
67.47,180.00,21.94,255.00,
67.47,180.00,21.07,255.00,
68.38,180.00,22.26,255.00,
68.38,180.00,21.72,255.00,
69.28,180.00,22.26,255.00,
69.28,180.00,21.83,255.00,
70.16,180.00,21.17,255.00,
70.16,180.00,21.83,255.00,
70.94,180.00,21.39,255.00,
70.94,180.00,22.26,255.00,
71.72,180.00,21.72,255.00,
71.72,180.00,22.16,255.00,
72.60,180.00,21.72,255.00,
72.60,180.00,21.07,255.00,
73.54,180.00,22.05,255.00,
73.54,180.00,21.39,255.00,
74.39,180.00,22.26,255.00,
74.39,180.00,21.94,255.00,
75.15,180.00,21.28,255.00,
75.15,180.00,22.05,255.00,
75.96,180.00,21.07,255.00,
75.96,180.00,22.05,255.00,
76.83,180.00,21.50,255.00,
76.83,180.00,22.48,255.00,
77.68,180.00,21.83,255.00,
77.68,180.00,21.83,255.00,
78.62,180.00,21.83,255.00,
78.62,180.00,21.17,255.00,
79.52,180.00,22.05,255.00,
79.52,180.00,21.72,255.00,
80.33,180.00,22.48,255.00,
80.33,180.00,21.94,255.00,
81.20,180.00,21.83,255.00,
81.20,180.00,21.94,255.00,
82.15,180.00,21.28,255.00,
82.15,180.00,22.05,255.00,
83.03,180.00,21.83,255.00,
83.03,180.00,22.16,255.00,
83.84,180.00,22.05,255.00,
83.84,180.00,21.17,255.00,
84.65,180.00,21.94,255.00,
84.65,180.00,21.28,255.00,
85.47,180.00,22.37,255.00,
85.47,180.00,21.83,255.00,
86.29,180.00,22.37,255.00,
86.29,180.00,21.94,255.00,
87.09,180.00,21.28,255.00,
87.09,180.00,21.94,255.00,
87.94,180.00,21.39,255.00,
87.94,180.00,22.26,255.00,
88.90,180.00,21.94,255.00,
88.90,180.00,22.37,255.00,
89.75,180.00,21.83,255.00,
89.75,180.00,21.28,255.00,
89.75,180.00,21.94,255.00,
89.75,180.00,21.28,255.00,
91.29,180.00,22.37,255.00,
91.29,180.00,21.94,255.00,
92.18,180.00,21.83,255.00,
92.18,180.00,22.05,255.00,
93.06,180.00,21.07,255.00,
93.06,180.00,22.05,255.00,
93.88,180.00,21.39,255.00,
93.88,180.00,22.48,255.00,
94.66,180.00,21.94,255.00,
94.66,180.00,22.37,255.00,
95.45,180.00,21.94,255.00,
95.45,180.00,21.28,255.00,
96.25,180.00,21.94,255.00,
96.25,180.00,21.50,255.00,
97.02,180.00,22.37,255.00,
97.02,180.00,21.83,255.00,
97.80,180.00,22.16,255.00,
97.80,180.00,21.83,255.00,
98.64,180.00,21.17,255.00,
98.64,180.00,22.05,255.00,
99.48,180.00,21.61,255.00,
99.48,180.00,22.26,255.00,
100.27,180.00,21.94,255.00,
100.27,180.00,21.39,255.00,
101.13,180.00,22.05,255.00,
101.13,180.00,21.17,255.00,
102.05,180.00,22.16,255.00,
102.05,180.00,21.50,255.00,
102.95,180.00,22.48,255.00,
102.95,180.00,21.94,255.00,
103.74,180.00,22.26,255.00,
103.74,180.00,21.94,255.00,
103.74,180.00,21.17,255.00,
103.74,180.00,21.94,255.00,
105.21,180.00,21.50,255.00,
105.21,180.00,22.37,255.00,
106.01,180.00,21.83,255.00,
106.01,180.00,22.37,255.00,
106.78,180.00,21.83,255.00,
106.78,180.00,21.39,255.00,
107.63,180.00,21.94,255.00,
107.63,180.00,21.28,255.00,
108.53,180.00,22.26,255.00,
108.53,180.00,21.83,255.00,
109.31,180.00,22.26,255.00,
109.31,180.00,22.05,255.00,
109.31,180.00,21.17,255.00,
109.31,180.00,21.94,255.00,
110.66,180.00,21.17,255.00,
110.66,180.00,22.16,255.00,
111.50,180.00,21.61,255.00,
111.50,180.00,22.48,255.00,
112.26,180.00,21.94,255.00,
112.26,180.00,22.26,255.00,
113.03,180.00,21.94,255.00,
113.03,180.00,21.28,255.00,
113.83,180.00,22.05,255.00,
113.83,180.00,21.39,255.00,
113.83,180.00,22.26,255.00,
113.83,180.00,21.72,255.00,
115.31,180.00,22.37,255.00,
115.31,180.00,21.83,255.00,
116.07,180.00,21.28,255.00,
116.07,180.00,21.94,255.00,
116.82,180.00,21.28,255.00,
116.82,180.00,22.16,255.00,
117.58,180.00,21.94,255.00,
117.58,180.00,22.16,255.00,
117.58,180.00,21.94,255.00,
117.58,180.00,21.17,255.00,
118.99,180.00,21.94,255.00,
118.99,180.00,21.28,255.00,
118.99,180.00,22.26,255.00,
118.99,180.00,21.72,255.00,
120.62,180.00,22.59,255.00,
120.62,180.00,21.94,255.00,
121.43,180.00,21.94,255.00,
121.43,180.00,21.83,255.00,
121.43,180.00,21.17,255.00,
121.43,180.00,22.05,255.00,
122.73,180.00,21.61,255.00,
122.73,180.00,22.37,255.00,
123.53,180.00,21.83,255.00,
123.53,180.00,22.16,255.00,
124.30,180.00,21.94,255.00,
124.30,180.00,21.17,255.00,
124.30,180.00,22.05,255.00,
124.30,180.00,21.50,255.00,
125.74,180.00,22.26,255.00,
125.74,180.00,21.94,255.00,
125.74,180.00,21.72,255.00,
125.74,180.00,22.05,255.00,
127.06,180.00,21.17,255.00,
127.06,180.00,22.05,255.00,
127.06,180.00,21.28,255.00,
127.06,180.00,22.26,255.00,
128.41,180.00,21.72,255.00,
128.41,180.00,22.48,255.00,
128.41,180.00,21.83,255.00,
128.41,180.00,21.94,255.00,
129.76,180.00,21.83,255.00,
129.76,180.00,21.17,255.00,
129.76,180.00,21.94,255.00,
129.76,180.00,21.50,255.00,
131.19,180.00,22.37,255.00,
131.19,180.00,21.83,255.00,
131.19,180.00,22.16,255.00,
131.19,180.00,21.72,255.00,
132.65,180.00,21.28,255.00,
132.65,180.00,21.94,255.00,
132.65,180.00,21.28,255.00,
132.65,180.00,22.16,255.00,
133.89,180.00,21.72,255.00,
133.89,180.00,22.16,255.00,
133.89,180.00,21.94,255.00,
133.89,180.00,21.28,255.00,
135.39,180.00,22.05,255.00,
135.39,180.00,21.07,255.00,
136.17,180.00,22.05,255.00,
136.17,180.00,21.39,255.00,
136.17,180.00,22.37,255.00,
136.17,180.00,21.83,255.00,
137.33,180.00,22.26,255.00,
137.33,180.00,21.83,255.00,
137.33,180.00,21.28,255.00,
137.33,180.00,21.83,255.00,
138.69,180.00,21.28,255.00,
138.69,180.00,22.16,255.00,
138.69,180.00,21.83,255.00,
138.69,180.00,22.48,255.00,
139.96,180.00,21.83,255.00,
139.96,180.00,21.94,255.00,
139.96,180.00,21.94,255.00,
139.96,180.00,21.07,255.00,
141.39,180.00,22.16,255.00,
141.39,180.00,21.61,255.00,
141.39,180.00,22.26,255.00,
141.39,180.00,21.94,255.00,
142.76,180.00,21.72,255.00,
142.76,180.00,22.05,255.00,
142.76,180.00,21.17,255.00,
142.76,180.00,22.05,255.00,
144.08,180.00,21.39,255.00,
144.08,180.00,22.37,255.00,
144.08,180.00,21.83,255.00,
144.08,180.00,22.48,255.00,
145.37,180.00,21.94,255.00,
145.37,180.00,21.72,255.00,
145.37,180.00,21.94,255.00,
145.37,180.00,21.17,255.00,
146.82,180.00,22.16,255.00,
146.82,180.00,21.61,255.00,
146.82,180.00,22.37,255.00,
146.82,180.00,21.83,255.00,
148.01,180.00,22.26,255.00,
148.01,180.00,21.83,255.00,
148.01,180.00,21.39,255.00,
148.01,180.00,21.94,255.00,
149.34,180.00,21.28,255.00,
149.34,180.00,22.16,255.00,
149.34,180.00,21.72,255.00,
149.34,180.00,22.37,255.00,
150.52,180.00,22.05,255.00,
150.52,180.00,21.50,255.00,
150.52,180.00,21.94,255.00,
150.52,180.00,21.17,255.00,
151.82,180.00,22.16,255.00,
151.82,180.00,21.28,255.00,
151.82,180.00,22.37,255.00,
151.82,180.00,21.72,255.00,
153.24,180.00,22.59,255.00,
153.24,180.00,22.05,255.00,
153.24,180.00,21.61,255.00,
153.24,180.00,21.94,255.00,
154.42,180.00,21.17,255.00,
154.42,180.00,21.94,255.00,
154.42,180.00,21.61,255.00,
154.42,180.00,22.48,255.00,
155.62,180.00,21.94,255.00,
155.62,180.00,22.37,255.00,
155.62,180.00,21.94,255.00,
155.62,180.00,21.83,255.00,
157.01,180.00,21.94,255.00,
157.01,180.00,21.28,255.00,
157.01,180.00,22.16,255.00,
157.01,180.00,21.61,255.00,
158.29,180.00,22.37,255.00,
158.29,180.00,22.05,255.00,
158.29,180.00,22.16,255.00,
158.29,180.00,22.16,255.00,
159.40,180.00,21.39,255.00,
159.40,180.00,21.94,255.00,
159.40,180.00,21.28,255.00,
159.40,180.00,22.26,255.00,
160.76,180.00,21.61,255.00,
160.76,180.00,22.48,255.00,
160.76,180.00,21.94,255.00,
160.76,180.00,22.48,255.00,
162.02,180.00,21.94,255.00,
162.02,180.00,21.72,255.00,
162.02,180.00,21.94,255.00,
162.02,180.00,21.28,255.00,
163.18,180.00,22.16,255.00,
163.18,180.00,21.61,255.00,
163.18,180.00,22.48,255.00,
163.18,180.00,21.94,255.00,
164.40,180.00,22.59,255.00,
164.40,180.00,22.05,255.00,
164.40,180.00,21.94,255.00,
164.40,180.00,22.05,255.00,
165.76,180.00,21.28,255.00,
165.76,180.00,22.16,255.00,
165.76,180.00,21.61,255.00,
165.76,180.00,22.37,255.00,
166.97,180.00,21.94,255.00,
166.97,180.00,22.37,255.00,
166.97,180.00,22.16,255.00,
166.97,180.00,21.50,255.00,
168.25,180.00,22.05,255.00,
168.25,180.00,21.28,255.00,
168.25,180.00,22.16,255.00,
168.25,180.00,21.50,255.00,
169.30,180.00,22.48,255.00,
169.30,180.00,21.83,255.00,
169.30,180.00,22.70,255.00,
169.30,180.00,22.05,255.00,
170.44,180.00,22.26,255.00,
170.44,180.00,22.05,255.00,
170.44,180.00,21.39,255.00,
170.44,180.00,22.05,255.00,
171.73,180.00,21.50,255.00,
171.73,180.00,22.26,255.00,
171.73,180.00,21.94,255.00,
171.73,180.00,22.59,255.00,
172.90,180.00,22.16,255.00,
172.90,180.00,22.37,255.00,
172.90,180.00,22.05,255.00,
172.90,180.00,21.39,255.00,
174.22,180.00,22.16,251.74,
174.22,180.00,21.50,251.74,
174.22,180.00,22.48,251.74,
174.22,180.00,22.05,251.74,
175.36,180.00,22.37,251.74,
175.36,180.00,22.26,251.74,
175.36,180.00,21.39,251.74,
175.36,180.00,22.26,251.74,
176.41,180.00,21.39,244.29,
176.41,180.00,22.48,244.29,
176.41,180.00,22.05,244.29,
176.41,180.00,22.37,244.29,
177.52,180.00,22.16,244.29,
177.52,180.00,21.61,244.29,
177.52,180.00,22.48,244.29,
177.52,180.00,22.16,244.29,
178.47,180.00,21.50,244.29,
178.47,180.00,22.26,228.52,
178.47,180.00,21.94,228.52,
178.47,180.00,21.61,228.52,
179.62,180.00,22.37,228.52,
179.62,180.00,22.05,228.52,
179.62,180.00,21.61,228.52,
179.62,180.00,22.26,228.52,
180.91,180.00,22.16,228.52,
180.91,180.00,21.61,228.52,
180.91,180.00,22.16,226.92,
180.91,180.00,22.26,226.92,
181.80,180.00,21.94,226.92,
181.80,180.00,21.72,226.92,
181.80,180.00,22.37,226.92,
181.80,180.00,22.26,226.92,
182.93,180.00,21.72,226.92,
182.93,180.00,21.83,226.92,
182.93,180.00,22.37,226.92,
182.93,180.00,22.16,222.22,
183.94,180.00,21.50,222.22,
183.94,180.00,22.48,222.22,
183.94,180.00,22.16,222.22,
183.94,180.00,21.94,222.22,
184.90,180.00,21.50,222.22,
184.90,180.00,22.59,222.22,
184.90,180.00,22.26,222.22,
184.90,180.00,22.05,211.85,
186.04,180.00,21.50,211.85,
186.04,180.00,22.26,211.85,
186.04,180.00,22.26,211.85,
186.04,180.00,22.37,211.85,
186.92,180.00,21.94,211.85,
186.92,180.00,21.50,211.85,
186.92,180.00,21.83,211.85,
186.92,180.00,22.37,211.85,
188.01,180.00,22.37,198.35,
188.01,180.00,22.26,198.35,
188.01,180.00,21.72,198.35,
188.01,180.00,21.50,198.35,
189.03,180.00,22.05,198.35,
189.03,180.00,22.48,198.35,
189.03,180.00,22.37,198.35,
189.03,180.00,22.37,198.35,
189.86,180.00,22.37,182.19,
189.86,180.00,22.37,182.19,
189.86,180.00,22.05,182.19,
189.86,180.00,21.94,182.19,
190.65,180.00,22.05,182.19,
190.65,180.00,21.83,182.19,
190.65,180.00,21.94,182.19,
190.65,180.00,21.94,182.19,
191.67,180.00,21.83,182.19,
191.67,180.00,21.83,157.18,
191.67,180.00,21.94,157.18,
191.67,180.00,21.94,157.18,
192.46,180.00,22.16,157.18,
192.46,180.00,22.48,157.18,
192.46,180.00,22.48,157.18,
192.46,180.00,22.26,157.18,
192.46,180.00,21.94,157.18,
192.46,180.00,21.83,157.18,
193.59,180.00,21.39,160.86,
193.59,180.00,21.72,160.86,
193.59,180.00,22.16,160.86,
193.59,180.00,22.05,160.86,
194.37,180.00,22.37,160.86,
194.37,180.00,22.37,160.86,
194.37,180.00,22.26,160.86,
194.37,180.00,22.26,160.86,
194.37,180.00,22.05,160.86,
194.37,180.00,22.16,129.63,
194.37,180.00,21.50,129.63,
194.37,180.00,21.50,129.63,
195.45,180.00,22.37,129.63,
195.45,180.00,22.48,129.63,
195.45,180.00,22.16,129.63,
195.45,180.00,21.61,129.63,
195.45,180.00,22.59,129.63,
195.45,180.00,22.26,119.28,
196.48,180.00,21.50,119.28,
196.48,180.00,21.94,119.28,
196.48,180.00,22.59,119.28,
196.48,180.00,21.39,119.28,
196.48,180.00,21.83,119.28,
196.48,180.00,22.59,119.28,
197.32,180.00,21.61,119.28,
197.32,180.00,22.16,119.28,
197.32,180.00,22.37,88.34,
197.32,180.00,21.61,88.34,
197.32,180.00,22.16,88.34,
197.32,180.00,21.83,88.34,
198.26,180.00,22.26,88.34,
198.26,180.00,21.72,88.34,
198.26,180.00,22.16,88.34,
198.26,180.00,21.83,88.34,
198.26,180.00,22.16,76.60,
198.26,180.00,21.83,76.60,
198.26,180.00,21.94,76.60,
198.26,180.00,22.26,76.60,
198.26,180.00,21.83,76.60,
198.26,180.00,21.94,76.60,
199.03,180.00,21.94,76.60,
199.03,180.00,22.16,76.60,
199.03,180.00,21.83,76.60,
199.03,180.00,21.83,57.02,
199.03,180.00,21.94,57.02,
199.03,180.00,22.05,57.02,
199.03,180.00,21.72,57.02,
199.03,180.00,22.26,57.02,
199.03,180.00,21.83,57.02,
199.03,180.00,21.94,57.02,
199.03,180.00,21.83,57.02,
199.03,180.00,21.94,57.02,
199.03,180.00,21.94,45.66,
199.03,180.00,21.94,45.66,
199.83,180.00,21.83,45.66,
199.83,180.00,21.94,45.66,
199.83,180.00,21.94,45.66,
199.83,180.00,21.83,45.66,
199.83,180.00,21.83,45.66,
199.83,180.00,21.94,45.66,
199.83,180.00,21.83,45.66,
199.83,180.00,21.94,15.43,
199.83,180.00,21.94,15.43,
199.83,180.00,21.83,15.43,
199.83,180.00,21.83,15.43,
199.83,180.00,21.83,15.43,
199.83,180.00,21.83,15.43,
199.83,180.00,21.83,15.43,
199.83,180.00,21.83,15.43,
199.83,180.00,21.83,15.43,
199.83,180.00,21.83,3.60,
199.83,180.00,21.83,3.60,
199.83,180.00,21.83,3.60,
199.83,180.00,21.83,3.60,
199.83,180.00,21.83,3.60,
199.83,180.00,21.83,3.60,
199.83,180.00,21.83,3.60,
199.83,180.00,21.83,3.60,
199.83,180.00,21.83,3.60,
199.83,180.00,21.83,-16.22,
199.83,180.00,21.17,-16.22,
199.83,180.00,21.17,-16.22,
199.83,180.00,21.17,-16.22,
199.83,180.00,21.17,-16.22,
199.83,180.00,21.07,-16.22,
199.83,180.00,21.07,-16.22,
198.71,180.00,20.96,-16.22,
198.71,180.00,20.96,-16.22,
197.72,180.00,21.07,-20.43,
197.72,180.00,20.96,-20.43,
196.73,180.00,20.96,-20.43,
196.73,180.00,20.96,-20.43,
195.79,180.00,20.96,-20.43,
195.79,180.00,20.85,-20.43,
194.94,180.00,20.85,-20.43,
194.94,180.00,20.85,-20.43,
194.05,180.00,20.85,-20.43,
194.05,180.00,20.85,14.89,
193.03,180.00,21.61,14.89,
193.03,180.00,21.28,14.89,
192.12,180.00,21.39,14.89,
192.12,180.00,21.39,14.89,
192.12,180.00,21.39,14.89,
192.12,180.00,21.39,14.89,
192.12,180.00,21.39,14.89,
192.12,180.00,21.39,14.89,
192.12,180.00,21.39,-18.68,
192.12,180.00,20.74,-18.68,
192.12,180.00,20.74,-18.68,
192.12,180.00,20.74,-18.68,
191.11,180.00,20.74,-18.68,
191.11,180.00,20.74,-18.68,
190.14,180.00,20.74,-18.68,
190.14,180.00,20.63,-18.68,
188.93,180.00,20.63,-18.68,
188.93,180.00,20.63,-5.46,
187.82,180.00,20.63,-5.46,
187.82,180.00,20.63,-5.46,
186.79,180.00,20.63,-5.46,
186.79,180.00,20.52,-5.46,
185.72,180.00,20.52,-5.46,
185.72,180.00,20.52,-5.46,
184.63,180.00,20.52,-5.46,
184.63,180.00,20.52,-5.46,
183.52,180.00,20.41,13.89,
183.52,180.00,21.28,13.89,
182.39,180.00,20.96,13.89,
182.39,180.00,21.07,13.89,
182.39,180.00,21.07,13.89,
182.39,180.00,20.96,13.89,
181.46,180.00,21.07,13.89,
181.46,180.00,21.07,13.89,
181.46,180.00,21.07,13.89,
181.46,180.00,21.07,10.67,
181.46,180.00,21.07,10.67,
181.46,180.00,21.07,10.67,
181.46,180.00,21.07,10.67,
181.46,180.00,21.07,10.67,
181.46,180.00,21.17,10.67,
181.46,180.00,21.07,10.67,
181.46,180.00,21.07,10.67,
181.46,180.00,21.17,10.67,
181.46,180.00,21.17,-22.51,
181.46,180.00,20.41,-22.51,
181.46,180.00,20.41,-22.51,
181.46,180.00,20.41,-22.51,
180.44,180.00,20.41,-22.51,
180.44,180.00,20.41,-22.51,
179.57,180.00,20.41,-22.51,
179.57,180.00,20.41,-22.51,
178.41,180.00,20.41,-22.51,
178.41,180.00,20.41,18.75,
177.25,180.00,21.17,18.75,
177.25,180.00,20.85,18.75,
176.42,180.00,20.96,18.75,
176.42,180.00,20.96,18.75,
176.42,180.00,20.96,18.75,
176.42,180.00,20.96,18.75,
176.42,180.00,20.96,18.75,
176.42,180.00,20.85,17.64,
176.42,180.00,20.96,17.64,
176.42,180.00,20.96,17.64,
176.42,180.00,20.96,17.64,
176.42,180.00,20.96,17.64,
176.42,180.00,20.96,17.64,
176.42,180.00,20.96,17.64,
176.42,180.00,20.96,17.64,
176.42,180.00,20.96,17.64,
175.67,180.00,20.96,1.35,
175.67,180.00,20.96,1.35,
175.67,180.00,20.96,1.35,
175.67,180.00,20.96,1.35,
175.67,180.00,20.96,1.35,
175.67,180.00,20.96,1.35,
175.67,180.00,20.96,1.35,
175.67,180.00,20.96,1.35,
175.67,180.00,20.96,1.35,
175.67,180.00,21.07,15.47,
175.67,180.00,20.96,15.47,
175.67,180.00,21.07,15.47,
175.67,180.00,20.96,15.47,
175.67,180.00,20.96,15.47,
175.67,180.00,20.96,15.47,
175.67,180.00,20.96,15.47,
175.67,180.00,20.96,15.47,
175.67,180.00,20.96,15.47,
175.67,180.00,20.96,12.27,
175.67,180.00,20.96,12.27,
175.67,180.00,20.96,12.27,
175.67,180.00,20.96,12.27,
175.67,180.00,20.96,12.27,
175.67,180.00,21.07,12.27,
175.67,180.00,20.96,12.27,
175.67,180.00,21.07,12.27,
175.67,180.00,21.07,12.27,
175.67,180.00,20.96,16.60,
175.67,180.00,20.96,16.60,
175.67,180.00,20.96,16.60,
175.67,180.00,21.07,16.60,
175.67,180.00,21.07,16.60,
175.67,180.00,21.07,16.60,
175.67,180.00,20.96,16.60,
175.67,180.00,20.96,16.60,
175.67,180.00,20.96,16.60,
175.67,180.00,20.96,20.93,
175.67,180.00,20.96,20.93,
175.67,180.00,20.96,20.93,
175.67,180.00,21.07,20.93,
175.67,180.00,21.07,20.93,
175.67,180.00,20.96,20.93,
175.67,180.00,20.96,20.93,
175.67,180.00,20.96,20.93,
175.67,180.00,21.07,20.93,
175.67,180.00,21.07,25.26,
175.67,180.00,21.07,25.26,
175.67,180.00,20.96,25.26,
175.67,180.00,21.07,25.26,
175.67,180.00,20.96,25.26,
175.67,180.00,21.07,25.26,
175.67,180.00,20.96,25.26,
175.67,180.00,20.96,25.26,
175.67,180.00,20.96,25.26,
175.67,180.00,20.96,29.59,
175.67,180.00,20.96,29.59,
175.67,180.00,21.07,29.59,
175.67,180.00,21.07,29.59,
175.67,180.00,21.07,29.59,
175.67,180.00,20.96,29.59,
175.67,180.00,21.07,29.59,
175.67,180.00,21.07,29.59,
175.67,180.00,21.07,29.59,
175.67,180.00,21.07,33.92,
175.67,180.00,20.96,33.92,
175.67,180.00,20.96,33.92,
175.67,180.00,20.96,33.92,
175.67,180.00,21.07,33.92,
175.67,180.00,20.96,33.92,
175.67,180.00,21.07,33.92,
174.87,180.00,21.07,33.92,
174.87,180.00,20.96,33.92,
174.87,180.00,21.07,49.42,
174.87,180.00,21.07,49.42,
174.87,180.00,21.07,49.42,
174.87,180.00,21.07,49.42,
174.87,180.00,21.07,49.42,
174.87,180.00,21.07,49.42,
174.87,180.00,21.07,49.42,
174.87,180.00,21.07,49.42,
174.87,180.00,20.96,46.57,
174.87,180.00,21.07,46.57,
174.87,180.00,21.07,46.57,
174.87,180.00,21.07,46.57,
174.87,180.00,20.96,46.57,
174.87,180.00,21.07,46.57,
174.87,180.00,21.07,46.57,
174.87,180.00,21.07,46.57,
174.87,180.00,21.07,46.57,
174.87,180.00,21.07,51.70,
174.87,180.00,21.07,51.70,
174.87,180.00,21.07,51.70,
174.87,180.00,20.96,51.70,
174.87,180.00,20.96,51.70,
174.87,180.00,20.96,51.70,
174.87,180.00,21.07,51.70,
174.87,180.00,21.07,51.70,
174.87,180.00,20.96,51.70,
174.87,180.00,21.07,56.82,
174.87,180.00,20.96,56.82,
174.87,180.00,20.96,56.82,
174.87,180.00,20.96,56.82,
174.87,180.00,20.96,56.82,
174.87,180.00,20.96,56.82,
174.87,180.00,21.07,56.82,
174.87,180.00,20.96,56.82,
174.87,180.00,21.07,56.82,
174.87,180.00,20.96,61.95,
174.87,180.00,20.96,61.95,
174.87,180.00,20.96,61.95,
174.87,180.00,20.96,61.95,
174.87,180.00,21.07,61.95,
174.87,180.00,21.07,61.95,
174.87,180.00,20.96,61.95,
174.87,180.00,20.96,61.95,
174.87,180.00,21.07,61.95,
174.87,180.00,20.96,67.08,
174.87,180.00,20.96,67.08,
174.87,180.00,20.96,67.08,
174.87,180.00,20.96,67.08,
174.87,180.00,21.07,67.08,
174.87,180.00,20.96,67.08,
174.87,180.00,20.96,67.08,
174.87,180.00,20.85,67.08,
174.87,180.00,20.96,67.08,
174.87,180.00,20.96,72.21,
174.87,180.00,21.07,72.21,
174.87,180.00,20.96,72.21,
174.87,180.00,21.07,72.21,
174.87,180.00,20.96,72.21,
174.87,180.00,21.07,72.21,
174.87,180.00,21.07,72.21,
174.87,180.00,21.07,72.21,
174.87,180.00,21.07,72.21,
174.87,180.00,20.96,77.33,
174.87,180.00,20.96,77.33,
174.87,180.00,20.85,77.33,
174.87,180.00,21.50,77.33,
174.87,180.00,20.85,77.33,
174.87,180.00,21.17,77.33,
174.87,180.00,21.07,77.33,
174.87,180.00,21.07,77.33,
174.87,180.00,21.07,77.33,
174.87,180.00,21.17,82.46,
174.87,180.00,21.50,82.46,
174.87,180.00,20.85,82.46,
174.87,180.00,21.07,82.46,
174.87,180.00,21.28,82.46,
174.87,180.00,21.07,82.46,
174.87,180.00,20.96,82.46,
174.87,180.00,21.17,82.46,
174.87,180.00,21.61,82.46,
174.87,180.00,20.96,87.59,
174.87,180.00,21.17,87.59,
174.87,180.00,21.07,87.59,
174.87,180.00,20.96,87.59,
174.87,180.00,21.17,87.59,
174.87,180.00,20.74,87.59,
175.74,180.00,21.61,87.59,
175.74,180.00,20.85,87.59,
175.74,180.00,21.61,80.52,
175.74,180.00,20.96,80.52,
175.74,180.00,21.07,80.52,
175.74,180.00,21.39,80.52,
175.74,180.00,20.96,80.52,
175.74,180.00,20.96,80.52,
175.74,180.00,21.07,80.52,
175.74,180.00,21.39,80.52,
175.74,180.00,21.07,80.52,
175.74,180.00,21.07,93.49,
175.74,180.00,21.28,93.49,
175.74,180.00,20.96,93.49,
176.52,180.00,21.17,93.49,
176.52,180.00,21.07,93.49,
176.52,180.00,21.17,93.49,
176.52,180.00,21.07,93.49,
176.52,180.00,21.28,93.49,
176.52,180.00,20.96,86.83,
176.52,180.00,20.96,86.83,
176.52,180.00,21.28,86.83,
176.52,180.00,21.07,86.83,
176.52,180.00,21.17,86.83,
176.52,180.00,21.39,86.83,
176.52,180.00,20.96,86.83,
177.29,180.00,21.39,86.83,
177.29,180.00,21.07,86.83,
177.29,180.00,21.50,87.34,
177.29,180.00,21.07,87.34,
177.29,180.00,21.17,87.34,
177.29,180.00,21.07,87.34,
177.29,180.00,21.50,87.34,
177.29,180.00,20.85,87.34,
177.29,180.00,21.61,87.34,
177.29,180.00,21.07,87.34,
177.29,180.00,21.17,87.34,
177.29,180.00,21.39,97.73,
177.29,180.00,20.96,97.73,
177.29,180.00,21.17,97.73,
178.11,180.00,21.28,97.73,
178.11,180.00,21.07,97.73,
178.11,180.00,21.17,97.73,
178.11,180.00,21.50,97.73,
178.11,180.00,21.72,97.73,
178.11,180.00,20.96,97.73,
178.11,180.00,21.61,89.04,
178.11,180.00,20.96,89.04,
178.11,180.00,21.28,89.04,
178.11,180.00,21.17,89.04,
178.11,180.00,21.61,89.04,
178.11,180.00,20.96,89.04,
179.04,180.00,21.72,89.04,
179.04,180.00,21.07,89.04,
179.04,180.00,21.28,89.04,
179.04,180.00,21.39,86.04,
179.04,180.00,21.72,86.04,
179.04,180.00,21.07,86.04,
179.04,180.00,21.28,86.04,
179.04,180.00,21.28,86.04,
179.04,180.00,21.17,86.04,
179.04,180.00,21.72,86.04,
179.04,180.00,20.96,86.04,
179.04,180.00,21.72,86.04,
179.04,180.00,20.96,96.31,
179.04,180.00,21.72,96.31,
179.88,180.00,21.07,96.31,
179.88,180.00,21.28,96.31,
179.88,180.00,21.17,96.31,
179.88,180.00,21.83,96.31,
179.88,180.00,20.96,96.31,
179.88,180.00,21.72,96.31,
179.88,180.00,21.07,96.31,
179.88,180.00,21.94,85.44,
179.88,180.00,20.85,85.44,
179.88,180.00,21.61,85.44,
180.86,180.00,21.07,85.44,
180.86,180.00,21.61,85.44,
180.86,180.00,21.17,85.44,
180.86,180.00,21.28,85.44,
180.86,180.00,21.28,85.44,
180.86,180.00,21.72,80.37,
180.86,180.00,21.07,80.37,
180.86,180.00,21.61,80.37,
180.86,180.00,21.28,80.37,
180.86,180.00,21.28,80.37,
180.86,180.00,21.28,80.37,
180.86,180.00,21.07,80.37,
180.86,180.00,21.72,80.37,
180.86,180.00,21.07,80.37,
181.77,180.00,21.39,89.25,
181.77,180.00,21.28,89.25,
181.77,180.00,21.28,89.25,
181.77,180.00,21.28,89.25,
181.77,180.00,20.96,89.25,
181.77,180.00,21.83,89.25,
181.77,180.00,21.07,89.25,
181.77,180.00,21.72,89.25,
181.77,180.00,21.17,89.25,
181.77,180.00,21.28,75.63,
181.77,180.00,21.28,75.63,
181.77,180.00,21.83,75.63,
182.59,180.00,21.17,75.63,
182.59,180.00,21.39,75.63,
182.59,180.00,21.50,75.63,
182.59,180.00,21.28,75.63,
182.59,180.00,21.28,75.63,
182.59,180.00,21.61,75.63,
182.59,180.00,21.07,71.44,
182.59,180.00,21.50,71.44,
182.59,180.00,21.28,71.44,
182.59,180.00,21.28,71.44,
182.59,180.00,21.28,71.44,
182.59,180.00,21.28,71.44,
182.59,180.00,21.28,71.44,
182.59,180.00,21.39,71.44,
182.59,180.00,21.07,77.08,
182.59,180.00,21.83,77.08,
182.59,180.00,21.17,77.08,
182.59,180.00,21.28,77.08,
183.38,180.00,21.50,77.08,
183.38,180.00,21.39,77.08,
183.38,180.00,21.17,77.08,
183.38,180.00,21.50,77.08,
183.38,180.00,21.07,77.08,
183.38,180.00,21.50,63.52,
183.38,180.00,21.28,63.52,
183.38,180.00,21.61,63.52,
183.38,180.00,21.28,63.52,
183.38,180.00,21.28,63.52,
184.21,180.00,21.28,63.52,
184.21,180.00,21.28,63.52,
184.21,180.00,21.50,63.52,
184.21,180.00,21.28,56.27,
184.21,180.00,21.39,56.27,
184.21,180.00,21.39,56.27,
184.21,180.00,21.28,56.27,
184.21,180.00,21.50,56.27,
184.21,180.00,21.28,56.27,
184.21,180.00,21.39,56.27,
184.21,180.00,21.28,56.27,
184.21,180.00,21.39,56.27,
184.21,180.00,21.28,60.42,
184.21,180.00,21.39,60.42,
184.21,180.00,21.17,60.42,
184.21,180.00,21.72,60.42,
184.21,180.00,21.17,60.42,
184.21,180.00,21.39,60.42,
184.21,180.00,21.28,60.42,
184.21,180.00,21.50,60.42,
184.21,180.00,21.28,60.42,
184.21,180.00,21.39,56.20,
184.21,180.00,21.28,56.20,
184.21,180.00,21.28,56.20,
185.02,180.00,21.28,56.20,
185.02,180.00,21.17,56.20,
185.02,180.00,21.72,56.20,
185.02,180.00,21.28,56.20,
185.02,180.00,21.39,56.20,
185.02,180.00,21.28,56.20,
185.02,180.00,21.50,40.73,
185.02,180.00,21.17,40.73,
185.02,180.00,21.39,40.73,
185.02,180.00,21.39,40.73,
185.02,180.00,21.28,40.73,
185.02,180.00,21.39,40.73,
185.02,180.00,21.28,40.73,
185.02,180.00,21.28,40.73,
185.02,180.00,21.39,40.73,
185.02,180.00,21.28,43.75,
185.02,180.00,21.28,43.75,
185.02,180.00,21.28,43.75,
185.02,180.00,21.28,43.75,
185.02,180.00,21.28,43.75,
185.02,180.00,21.28,43.75,
185.02,180.00,21.39,43.75,
185.02,180.00,21.39,43.75,
185.02,180.00,21.28,43.75,
185.02,180.00,21.39,38.73,
185.02,180.00,21.28,38.73,
185.02,180.00,21.28,38.73,
185.02,180.00,21.28,38.73,
185.02,180.00,21.39,38.73,
185.02,180.00,21.28,38.73,
185.02,180.00,21.28,38.73,
185.02,180.00,21.39,38.73,
185.02,180.00,21.28,38.73,
185.02,180.00,21.28,33.72,
185.02,180.00,21.28,33.72,
185.02,180.00,21.28,33.72,
185.02,180.00,21.39,33.72,
185.02,180.00,21.28,33.72,
185.02,180.00,21.39,33.72,
185.02,180.00,21.28,33.72,
185.02,180.00,21.39,33.72,
185.02,180.00,21.28,28.70,
185.02,180.00,21.28,28.70,
185.02,180.00,21.28,28.70,
185.02,180.00,21.28,28.70,
185.02,180.00,21.28,28.70,
185.02,180.00,21.28,28.70,
185.02,1.00,21.28,28.70,
185.02,1.00,21.17,-255.00,
185.02,1.00,20.63,-255.00,
185.02,1.00,20.63,-255.00,
185.02,1.00,20.63,-255.00,
185.02,1.00,20.63,-255.00,
185.02,1.00,20.52,-255.00,
184.08,1.00,20.63,-255.00,
184.08,1.00,20.52,-255.00,
182.92,1.00,20.52,-255.00,
182.92,1.00,20.41,-255.00,
181.91,1.00,20.52,-255.00,
181.91,1.00,20.52,-255.00,
180.90,1.00,20.41,-255.00,
180.90,1.00,20.41,-255.00,
179.84,1.00,20.41,-255.00,
179.84,1.00,20.30,-255.00,
178.91,1.00,20.19,-255.00,
178.91,1.00,20.30,-255.00,
178.02,1.00,20.30,-255.00,
178.02,1.00,20.19,-255.00,
177.00,1.00,20.30,-255.00,
177.00,1.00,20.19,-255.00,
175.94,1.00,20.19,-255.00,
175.94,1.00,20.19,-255.00,
174.95,1.00,20.19,-255.00,
174.95,1.00,20.19,-255.00,
173.90,1.00,20.19,-255.00,
173.90,1.00,20.08,-255.00,
172.78,1.00,20.08,-255.00,
172.78,1.00,20.19,-255.00,
171.67,1.00,20.08,-255.00,
171.67,1.00,20.08,-255.00,
170.55,1.00,20.08,-255.00,
170.55,1.00,19.98,-255.00,
169.34,1.00,19.98,-255.00,
169.34,1.00,19.98,-255.00,
168.08,1.00,19.98,-255.00,
168.08,1.00,19.98,-255.00,
166.91,1.00,19.98,-255.00,
166.91,1.00,19.98,-255.00,
165.74,1.00,19.98,-255.00,
165.74,1.00,19.98,-255.00,
164.49,1.00,19.98,-255.00,
164.49,1.00,19.87,-255.00,
163.21,1.00,19.98,-255.00,
163.21,1.00,19.98,-255.00,
161.92,1.00,19.98,-255.00,
161.92,1.00,19.87,-255.00,
160.62,1.00,19.87,-255.00,
160.62,1.00,19.87,-255.00,
159.34,1.00,19.87,-255.00,
159.34,1.00,19.87,-255.00,
158.05,1.00,19.87,-255.00,
158.05,1.00,19.87,-255.00,
156.75,1.00,19.87,-255.00,
156.75,1.00,19.87,-255.00,
155.43,1.00,19.87,-255.00,
155.43,1.00,19.87,-255.00,
154.07,1.00,19.87,-255.00,
154.07,1.00,19.76,-255.00,
152.70,1.00,19.87,-255.00,
152.70,1.00,19.87,-255.00,
151.33,1.00,19.76,-255.00,
151.33,1.00,19.65,-255.00,
149.97,1.00,19.76,-255.00,
149.97,1.00,19.65,-255.00,
148.61,1.00,19.76,-255.00,
148.61,1.00,19.76,-255.00,
147.21,1.00,19.76,-255.00,
147.21,1.00,19.65,-255.00,
145.78,1.00,19.65,-255.00,
145.78,1.00,19.76,-255.00,
144.24,1.00,19.65,-255.00,
144.24,1.00,19.65,-255.00,
142.72,1.00,19.65,-255.00,
142.72,1.00,19.76,-255.00,
141.38,1.00,19.65,-255.00,
141.38,1.00,19.65,-255.00,
140.00,1.00,19.65,-255.00,
140.00,1.00,19.76,-255.00,
138.51,1.00,19.65,-255.00,
138.51,1.00,19.54,-255.00,
136.97,1.00,19.65,-255.00,
136.97,1.00,19.65,-255.00,
135.34,1.00,19.54,-255.00,
135.34,1.00,19.54,-255.00,
133.82,1.00,19.65,-255.00,
133.82,1.00,19.65,-255.00,
132.47,1.00,19.65,-255.00,
132.47,1.00,19.65,-255.00,
131.18,1.00,19.54,-255.00,
131.18,1.00,19.65,-255.00,
129.73,1.00,19.65,-255.00,
129.73,1.00,19.54,-255.00,
128.07,1.00,19.54,-255.00,
128.07,1.00,19.54,-255.00,
126.48,1.00,19.54,-255.00,
126.48,1.00,19.54,-255.00,
125.03,1.00,19.54,-255.00,
125.03,1.00,19.54,-255.00,
123.60,1.00,19.43,-255.00,
123.60,1.00,19.43,-255.00,
122.17,1.00,19.54,-255.00,
122.17,1.00,19.43,-255.00,
120.70,1.00,19.54,-255.00,
120.70,1.00,19.54,-255.00,
119.17,1.00,19.43,-255.00,
119.17,1.00,19.54,-255.00,
117.61,1.00,19.54,-255.00,
117.61,1.00,19.32,-255.00,
115.98,1.00,19.43,-255.00,
115.98,1.00,19.43,-255.00,
114.35,1.00,19.54,-255.00,
114.35,1.00,19.43,-255.00,
112.89,1.00,19.32,-255.00,
112.89,1.00,19.43,-255.00,
111.46,1.00,19.43,-255.00,
111.46,1.00,19.43,-255.00,
109.84,1.00,19.43,-255.00,
109.84,1.00,19.43,-255.00,
108.13,1.00,19.32,-255.00,
108.13,1.00,19.32,-255.00,
106.56,1.00,19.43,-255.00,
106.56,1.00,19.32,-255.00,
105.11,1.00,19.43,-255.00,
105.11,1.00,19.43,-255.00,
103.61,1.00,19.43,-255.00,
103.61,1.00,19.32,-255.00,
101.99,1.00,19.43,-255.00,
101.99,1.00,19.43,-255.00,
100.25,1.00,19.21,-255.00,
100.25,1.00,19.32,-255.00,
98.55,1.00,19.43,-255.00,
98.55,1.00,19.32,-255.00,
97.00,1.00,19.32,-255.00,
97.00,1.00,19.32,-255.00,
95.42,1.00,19.21,-255.00,
95.42,1.00,19.21,-255.00,
93.73,1.00,19.10,-255.00,
93.73,1.00,19.21,-255.00,
92.07,1.00,19.21,-255.00,
92.07,1.00,19.21,-255.00,
90.50,1.00,19.21,-255.00,
90.50,1.00,19.10,-255.00,
88.83,1.00,19.21,-255.00,
88.83,1.00,19.21,-255.00,
87.16,1.00,19.21,-255.00,
87.16,1.00,19.10,-255.00,
85.57,1.00,19.10,-255.00,
85.57,1.00,19.10,-255.00,
83.95,1.00,19.10,-255.00,
83.95,1.00,19.10,-255.00,
82.28,1.00,19.10,-255.00,
82.28,1.00,19.21,-255.00,
80.61,1.00,18.99,-255.00,
80.61,1.00,19.10,-255.00,
78.88,1.00,18.99,-255.00,
78.88,1.00,18.99,-255.00,
77.14,1.00,19.10,-255.00,
77.14,1.00,18.99,-255.00,
75.44,1.00,18.99,-255.00,
75.44,1.00,18.99,-255.00,
73.68,1.00,18.89,-255.00,
73.68,1.00,18.89,-255.00,
71.84,1.00,18.99,-255.00,
71.84,1.00,18.78,-255.00,
70.07,1.00,18.89,-255.00,
70.07,1.00,18.89,-255.00,
68.46,1.00,18.78,-255.00,
68.46,1.00,18.78,-255.00,
66.92,1.00,18.89,-255.00,
66.92,1.00,18.89,-255.00,
65.25,1.00,18.67,-255.00,
65.25,1.00,18.67,-255.00,
63.46,1.00,18.67,-255.00,
63.46,1.00,18.67,-255.00,
61.73,1.00,18.56,-255.00,
61.73,1.00,18.67,-255.00,
60.09,1.00,18.56,-255.00,
60.09,1.00,18.56,-255.00,
58.42,1.00,18.56,-255.00,
58.42,1.00,18.56,-255.00,
56.68,1.00,18.56,-255.00,
56.68,1.00,18.34,-255.00,
54.97,1.00,18.45,-255.00,
54.97,1.00,18.34,-255.00,
53.35,1.00,18.34,-255.00,
53.35,1.00,18.34,-255.00,
51.71,1.00,18.34,-255.00,
51.71,1.00,18.23,-255.00,
50.04,1.00,18.23,-255.00,
50.04,1.00,18.12,-255.00,
48.41,1.00,18.12,-255.00,
48.41,1.00,18.12,-255.00,
46.78,1.00,18.01,-255.00,
46.78,1.00,18.01,-255.00,
45.12,1.00,17.90,-255.00,
45.12,1.00,18.01,-255.00,
43.39,1.00,17.90,-255.00,
43.39,1.00,17.80,-255.00,
41.66,1.00,17.80,-255.00,
41.66,1.00,17.69,-255.00,
40.08,1.00,17.58,-255.00,
40.08,1.00,17.58,-255.00,
38.64,1.00,17.58,-255.00,
38.64,1.00,17.36,-255.00,
37.11,1.00,17.47,-255.00,
37.11,1.00,17.36,-255.00,
35.48,1.00,17.36,-255.00,
35.48,1.00,17.14,-255.00,
33.91,1.00,17.14,-255.00,
33.91,1.00,17.14,-255.00,
32.41,1.00,17.03,-255.00,
32.41,1.00,16.92,-255.00,
30.93,1.00,16.81,-255.00,
30.93,1.00,16.81,-255.00,
29.46,1.00,16.71,-255.00,
29.46,1.00,16.71,-255.00,
27.95,1.00,16.60,-255.00,
27.95,1.00,16.49,-255.00,
26.39,1.00,16.38,-255.00,
26.39,1.00,16.38,-255.00,
24.93,1.00,16.27,-255.00,
24.93,1.00,16.16,-255.00,
23.62,1.00,16.05,-255.00,
23.62,1.00,15.94,-249.83,
22.36,1.00,15.94,-249.83,
22.36,1.00,15.72,-249.83,
21.09,1.00,15.62,-249.83,
21.09,1.00,15.62,-249.83,
19.81,1.00,15.40,-249.83,
19.81,1.00,15.40,-249.83,
18.55,1.00,15.29,-249.83,
18.55,1.00,15.07,-249.83,
17.39,1.00,14.96,-255.00,
17.39,1.00,14.96,-255.00,
16.32,1.00,14.74,-255.00,
16.32,1.00,14.74,-255.00,
15.15,1.00,14.53,-255.00,
15.15,1.00,14.42,-255.00,
13.98,1.00,14.31,-255.00,
13.98,1.00,14.09,-255.00,
12.96,1.00,13.98,-255.00,
12.96,1.00,13.98,-235.03,
12.00,1.00,13.65,-235.03,
12.00,1.00,13.54,-235.03,
11.05,1.00,13.44,-235.03,
11.05,1.00,13.22,-235.03,
10.17,1.00,13.11,-235.03,
10.17,1.00,13.00,-235.03,
9.33,1.00,12.89,-235.03,
9.33,1.00,12.78,-235.03,
8.49,1.00,12.67,-243.70,
8.49,1.00,12.35,-243.70,
7.65,1.00,12.24,-243.70,
7.65,1.00,12.13,-243.70,
7.65,1.00,11.91,-243.70,
7.65,1.00,11.80,-243.70,
6.32,1.00,11.58,-243.70,
6.32,1.00,11.47,-243.70,
6.32,1.00,11.26,-243.70,
6.32,1.00,11.04,-240.82,
5.20,1.00,11.04,-240.82,
5.20,1.00,10.71,-240.82,
5.20,1.00,10.71,-240.82,
5.20,1.00,10.38,-240.82,
4.11,1.00,10.27,-240.82,
4.11,1.00,9.95,-240.82,
4.11,1.00,9.84,-240.82,
4.11,1.00,9.62,-240.82,
3.33,1.00,9.40,-242.19,
3.33,1.00,9.40,-242.19,
3.33,1.00,9.18,-242.19,
3.33,1.00,8.86,-242.19,
2.44,1.00,8.75,-242.19,
2.44,1.00,8.53,-242.19,
2.44,1.00,8.42,-242.19,
2.44,1.00,8.20,-242.19,
2.44,1.00,7.88,-242.19,
2.44,1.00,7.77,-242.65,
2.44,1.00,7.55,-242.65,
2.44,1.00,7.33,-242.65,
1.54,1.00,7.22,-242.65,
1.54,1.00,7.00,-242.65,
1.54,1.00,6.79,-242.65,
1.54,1.00,6.57,-242.65,
1.54,1.00,6.46,-242.65,
1.54,1.00,6.24,-242.65,
1.54,1.00,6.13,-247.61,
1.54,1.00,5.81,-247.61,
1.54,1.00,5.70,-247.61,
1.54,1.00,5.48,-247.61,
0.68,1.00,5.26,-247.61,
0.68,1.00,5.15,-247.61,
0.68,1.00,4.93,-247.61,
0.68,1.00,4.72,-247.61,
0.68,1.00,4.61,-247.61,
0.68,1.00,4.28,-245.08,
0.68,1.00,4.17,-245.08,
0.68,1.00,3.84,-245.08,
0.68,1.00,3.84,-245.08,
0.68,1.00,3.74,-245.08,
0.68,1.00,3.63,-245.08,
0.68,1.00,3.41,-245.08,
0.68,1.00,3.08,-245.08,
0.68,1.00,2.97,-245.08,
0.68,1.00,2.86,-253.38,
0.68,1.00,2.75,-253.38,
0.68,1.00,2.65,-253.38,
0.68,1.00,2.32,-253.38,
0.68,1.00,2.32,-253.38,
0.68,1.00,2.21,-253.38,
0.68,1.00,1.99,-253.38,
0.68,1.00,1.88,-253.38,
0.68,1.00,1.66,-253.38,
0.68,1.00,1.66,-253.06,
0.68,1.00,1.55,-253.06,
0.68,1.00,1.34,-253.06,
0.68,1.00,1.23,-253.06,
0.68,1.00,1.12,-253.06,
0.68,1.00,1.01,-253.06,
0.68,1.00,0.90,-253.06,
0.68,1.00,0.90,-253.06,
0.68,1.00,0.79,-253.06,
0.68,1.00,0.68,-252.73,
0.68,1.00,0.46,-252.73,
0.68,1.00,0.46,-252.73,
0.68,1.00,0.46,-252.73,
0.68,1.00,0.36,-252.73,
0.68,1.00,0.25,-252.73,
0.68,1.00,0.25,-252.73,
0.68,1.00,0.25,-252.73,
0.68,1.00,0.25,-252.73,
0.68,1.00,0.03,-252.41,
0.68,1.00,0.03,-252.41,
0.68,1.00,-0.08,-252.41,
0.68,1.00,-0.08,-252.41,
0.68,1.00,-0.19,-252.41,
0.68,1.00,-0.08,-252.41,
0.68,1.00,-0.30,-252.41,
0.68,1.00,-0.19,-252.41,
0.68,1.00,-0.30,-252.41,
0.68,1.00,-0.30,-252.09,
0.68,1.00,-0.30,-252.09,
0.68,1.00,-0.30,-252.09,
0.68,1.00,-0.30,-252.09,
0.68,1.00,-0.41,-252.09,
0.68,1.00,-0.41,-252.09,
0.68,1.00,-0.41,-252.09,
0.68,1.00,-0.41,-252.09,
0.68,1.00,-0.41,-252.09,
0.68,1.00,-0.52,-251.76,
0.68,1.00,-0.52,-251.76,
0.68,1.00,-0.52,-251.76,
0.68,1.00,-0.63,-251.76,
0.68,1.00,-0.63,-251.76,
0.68,1.00,-0.52,-251.76,
0.68,1.00,-0.52,-251.76,
0.68,1.00,-0.52,-251.76,
0.68,1.00,-0.52,-251.76,
0.68,1.00,-0.52,-251.44,
0.68,1.00,-0.52,-251.44,
0.68,1.00,-0.52,-251.44,
0.68,1.00,-0.52,-251.44,
0.68,1.00,-0.52,-251.44,
0.68,1.00,-0.63,-251.44,
0.68,1.00,-0.52,-251.44,
0.68,1.00,-0.63,-251.44,
0.68,1.00,-0.63,-251.44,
0.68,1.00,-0.63,-251.11,
0.68,1.00,-0.63,-251.11,
0.68,1.00,-0.52,-251.11,
0.68,1.00,-0.52,-251.11,
0.68,1.00,-0.63,-251.11,
0.68,1.00,-0.63,-251.11,
0.68,1.00,-0.52,-251.11,
0.68,1.00,-0.52,-251.11,
0.68,1.00,-0.63,-251.11,
0.68,1.00,-0.63,-250.79,
0.68,1.00,-0.73,-250.79,
0.68,1.00,-0.73,-250.79,
0.68,1.00,-0.63,-250.79,
0.68,1.00,-0.63,-250.79,
0.68,1.00,-0.63,-250.79,
0.68,1.00,-0.63,-250.79,
0.68,1.00,-0.52,-250.79,
0.68,1.00,-0.52,-250.79,
0.68,1.00,-0.84,-250.47,
0.68,1.00,-0.63,-250.47,
0.68,1.00,-0.63,-250.47,
0.68,1.00,-0.52,-250.47,
0.68,1.00,-0.63,-250.47,
0.68,1.00,-0.63,-250.47,
0.68,1.00,-0.63,-250.47,
0.68,1.00,-0.73,-250.47,
0.68,1.00,-0.63,-250.47,
0.68,1.00,-0.63,-250.14,
0.68,1.00,-0.63,-250.14,
0.68,1.00,-0.63,-250.14,
0.68,1.00,-0.63,-250.14,
0.68,1.00,-0.63,-250.14,
0.68,1.00,-0.63,-250.14,
0.68,1.00,-0.63,-250.14,
0.68,1.00,-0.63,-250.14,
0.68,1.00,-0.63,-250.14,
0.68,1.00,-0.63,-249.82,
0.68,1.00,-0.63,-249.82,
0.68,1.00,-0.63,-249.82,
0.68,1.00,-0.73,-249.82,
0.68,1.00,-0.63,-249.82,
0.68,1.00,-0.63,-249.82,
0.68,1.00,-0.73,-249.82,
0.68,1.00,-0.73,-249.82,
0.68,1.00,-0.63,-249.82,
0.68,1.00,-0.63,-249.50,
0.68,1.00,-0.63,-249.50,
0.68,1.00,-0.63,-249.50,
0.68,1.00,-0.63,-249.50,
0.68,1.00,-0.52,-249.50,
0.68,1.00,-0.73,-249.50,
0.68,1.00,-0.73,-249.50,
0.68,1.00,-0.73,-249.50,
0.68,1.00,-0.63,-249.50,
0.68,1.00,-0.63,-249.17,
0.68,1.00,-0.63,-249.17,
0.68,1.00,-0.63,-249.17,
0.68,1.00,-0.63,-249.17,
0.68,1.00,-0.63,-249.17,
0.68,1.00,-0.63,-249.17,
0.68,1.00,-0.73,-249.17,
0.68,1.00,-0.63,-249.17,
0.68,1.00,-0.73,-249.17,
0.68,1.00,-0.63,-248.85,
0.68,1.00,-0.63,-248.85,
0.68,1.00,-0.63,-248.85,
0.68,1.00,-0.73,-248.85,
0.68,1.00,-0.63,-248.85,
0.68,1.00,-0.73,-248.85,
0.68,1.00,-0.63,-248.85,
0.68,1.00,-0.52,-248.85,
0.68,1.00,-0.63,-248.85,
0.68,1.00,-0.73,-248.52,
0.68,1.00,-0.63,-248.52,
0.68,1.00,-0.73,-248.52,
0.68,1.00,-0.63,-248.52,
0.68,1.00,-0.63,-248.52,
0.68,1.00,-0.63,-248.52,
0.68,1.00,-0.63,-248.52,
0.68,1.00,-0.63,-248.52,
0.68,1.00,-0.63,-248.52,
0.68,1.00,-0.73,-248.20,
0.68,1.00,-0.73,-248.20,
0.68,1.00,-0.63,-248.20,
0.68,1.00,-0.63,-248.20,
0.68,1.00,-0.63,-248.20,
0.68,1.00,-0.63,-248.20,
0.68,1.00,-0.63,-248.20,
0.68,1.00,-0.73,-248.20,
0.68,1.00,-0.63,-248.20,
0.68,1.00,-0.73,-247.88,
0.68,1.00,-0.63,-247.88,
0.68,1.00,-0.73,-247.88,
0.68,1.00,-0.63,-247.88,
0.68,1.00,-0.73,-247.88,
0.68,1.00,-0.73,-247.88,
0.68,1.00,-0.73,-247.88,
0.68,1.00,-0.63,-247.88,
0.68,1.00,-0.63,-247.88,
0.68,1.00,-0.63,-247.55,
0.68,1.00,-0.73,-247.55,
0.68,1.00,-0.63,-247.55,
0.68,1.00,-0.52,-247.55,
0.68,1.00,-0.73,-247.55,
0.68,1.00,-0.73,-247.55,
0.68,1.00,-0.52,-247.55,
0.68,1.00,-0.63,-247.55,
0.68,1.00,-0.73,-247.55,
0.68,1.00,-0.73,-247.23,
0.68,1.00,-0.63,-247.23,
0.68,1.00,-0.63,-247.23,
0.68,1.00,-0.63,-247.23,
0.68,1.00,-0.63,-247.23,
0.68,1.00,-0.63,-247.23,
0.68,1.00,-0.73,-247.23,
0.68,1.00,-0.63,-247.23,
0.68,1.00,-0.63,-247.23,
0.68,1.00,-0.73,-246.90,
0.68,1.00,-0.63,-246.90,
0.68,1.00,-0.63,-246.90,
0.68,1.00,-0.63,-246.90,
0.68,1.00,-0.73,-246.90,
0.68,1.00,-0.73,-246.90,
0.68,1.00,-0.73,-246.90,
0.68,1.00,-0.63,-246.90,
0.68,1.00,-0.73,-246.90,
0.68,1.00,-0.52,-246.58,
0.68,1.00,-0.73,-246.58,
0.68,1.00,-0.63,-246.58,
0.68,1.00,-0.63,-246.58,
0.68,1.00,-0.84,-246.58,
0.68,1.00,-0.73,-246.58,
0.68,1.00,-0.63,-246.58,
-0.11,1.00,-0.63,-246.58,
-0.11,1.00,-0.63,-246.58,
-0.11,1.00,-0.63,-235.32,
-0.11,1.00,-0.73,-235.32,
-0.11,1.00,-0.73,-235.32,
-0.11,1.00,-0.63,-235.32,
-0.11,1.00,-0.63,-235.32,
-0.11,1.00,-0.63,-235.32,
-0.11,1.00,-0.63,-235.32,
-0.11,1.00,-0.63,-235.32,
-0.11,1.00,-0.63,-235.32,
-0.11,1.00,-0.63,-242.03,
-0.11,1.00,-0.73,-242.03,
-0.11,1.00,-0.63,-242.03,
-0.11,1.00,-0.63,-242.03,
-0.11,1.00,-0.63,-242.03,
-0.11,1.00,-0.73,-242.03,
-0.11,1.00,-0.63,-242.03,
-0.11,1.00,-0.73,-242.03,
-0.11,1.00,-0.73,-242.03,
-0.11,1.00,-0.73,-240.92,
-0.11,1.00,-0.63,-240.92,
-0.11,1.00,-0.73,-240.92,
-0.11,1.00,-0.63,-240.92,
-0.11,1.00,-0.63,-240.92,
-0.11,1.00,-0.63,-240.92,
-0.11,1.00,-0.73,-240.92,
-0.11,1.00,-0.63,-240.92,
-0.11,1.00,-0.73,-240.92,
-0.11,1.00,-0.73,-239.82,
-0.11,1.00,-0.63,-239.82,
-0.11,1.00,-0.73,-239.82,
-0.11,1.00,-0.73,-239.82,
-0.11,1.00,-0.63,-239.82,
-0.11,1.00,-0.63,-239.82,
-0.11,1.00,-0.73,-239.82,
-0.11,1.00,-0.73,-239.82,
-0.11,1.00,-0.63,-239.82,
-0.11,1.00,-0.73,-238.71,
-0.11,1.00,-0.63,-238.71,
-0.11,1.00,-0.63,-238.71,
-0.11,1.00,-0.63,-238.71,
-0.11,1.00,-0.73,-238.71,
-0.11,1.00,-0.73,-238.71,
-0.11,1.00,-0.73,-238.71,
-0.11,1.00,-0.73,-238.71,
-0.11,1.00,-0.63,-238.71,
-0.11,1.00,-0.63,-237.61,
-0.11,1.00,-0.63,-237.61,
-0.11,1.00,-0.84,-237.61,
-0.11,1.00,-0.73,-237.61,
-0.11,1.00,-0.73,-237.61,
-0.11,1.00,-0.73,-237.61,
-0.11,1.00,-0.63,-237.61,
-0.11,1.00,-0.73,-237.61,
-0.11,1.00,-0.73,-237.61,
-0.11,1.00,-0.63,-236.50,
-0.11,1.00,-0.63,-236.50,
-0.11,1.00,-0.84,-236.50,
-0.11,1.00,-0.73,-236.50,
